CGID,Street,Hundred Block,Length (Ft),Width (Ft),Area (yds2),SurfType,Class,% Curbed,Original PCI,Est 2012 PCI
1927,ABBY LN,100,1100,25,3055.555556,AC,RUR,0,72.45,59.11
1428,ADAMS DR,700,1156,30,3853.333333,AC,LOC,0,11.25,3.87
1429,ADAMS DR,0,422,30,1406.666667,AC,LOC,0,3.05,0
1794,ADAMS DR,0,439,30,1463.333333,AC,LOC,0,0,0
1347,AKARD AVE,100,472,30,1573.333333,AC,LOC,0,19.6,12.22
1348,AKARD AVE,100,102,35,396.6666667,AC,COL,0,17.6,9.58
1350,AKARD AVE,300,442,30,1473.333333,AC,LOC,0,34.1,26.72
1354,AKARD AVE,400,689,30,2296.666667,AC,LOC,85.8,34.8,27.42
3025,AKARD AVE,200,373,30,1243.333333,AC,LOC,50,29.2,21.82
175,AKARD ST,200,353,30,1176.666667,AC,LOC,100,78,63.76
308,AKARD ST,100,566,30,1886.666667,AC,LOC,100,55,42.68
672,AKARD ST,300,269,30,896.6666667,AC,LOC,100,80.4,66.16
306,ALAMEDA ST,300,345,30,1150,AC,LOC,55.6,84.4,70.16
3096,ALAMEDA ST,300,348,30,1160,AC,LOC,40.6,85.4,72.97
73,ALAMO ST,200,350,30,1166.666667,AC,LOC,54.5,7.5,0.12
74,ALAMO ST,300,552,30,1840,AC,LOC,0,1.7,0
75,ALAMO ST,400,614,30,2046.666667,AC,LOC,0,0,0
118,ALAMO ST,100,350,30,1166.666667,AC,LOC,100,32.35,24.97
119,ALAMO ST,100,227,30,756.6666667,AC,LOC,100,27.6,20.22
245,ALAMO ST,100,225,30,750,AC,LOC,100,21.3,86.85
246,ALAMO ST,100,353,30,1176.666667,AC,LOC,100,12.1,86.85
247,ALAMO ST,200,350,30,1166.666667,AC,LOC,100,22.2,87.85
248,ALAMO ST,300,635,30,2116.666667,AC,LOC,100,17.8,87.85
249,ALAMO ST,400,385,30,1283.333333,AC,LOC,100,12.55,86.85
250,ALAMO ST,500,292,30,973.3333333,AC,LOC,100,15.4,86.85
251,ALAMO ST,600,242,30,806.6666667,AC,LOC,100,21.3,13.92
252,ALAMO ST,700,274,30,913.3333333,AC,LOC,100,22.8,15.42
253,ALAMO ST,800,728,30,2426.666667,AC,LOC,100,19.9,12.52
395,ALAMO ST,900,414,30,1380,AC,LOC,100,23.1,15.72
803,ALAMO ST,0,446,30,1486.666667,AC,LOC,100,23.6,16.22
3095,ALAMO ST,800,466,30,1553.333333,AC,LOC,0,56.4,44.08
704,ALFORD DR,100,897,30,2990,AC,LOC,100,87.3,77.43
1601,ALLEN ST,200,1448,30,4826.666667,AC,LOC,61.1,23.8,16.42
1621,ALLEN ST,100,678,30,2260,AC,LOC,100,46.4,36.39
1622,ALLEN ST,0,108,30,360,AC,LOC,100,21.2,13.82
1928,ALMA CT,100,254,25,705.5555556,AC,RUR,0,79.95,65.71
1929,ALMA CT,100,544,25,1511.111111,AC,RUR,0,77.55,63.31
1930,ALMA DR,300,805,25,2236.111111,AC,RUR,0,83.7,69.46
1589,ALPINE DR,300,1037,30,3456.666667,AC,LOC,100,91.8,85.77
3058,ALYSSA CT,0,313,25,869.4444444,AC,RUR,0,80.6,66.36
3060,ALYSSA CT,0,316,25,877.7777778,AC,RUR,0,90.5,84.47
394,ANDERSON ST,100,559,30,1863.333333,AC,LOC,100,73.7,94.65
612,ANDERSON ST,300,621,30,2070,AC,LOC,100,60.6,93.45
613,ANDERSON ST,200,353,30,1176.666667,AC,LOC,100,69.5,94.05
616,ANDERSON ST,900,567,30,1890,AC,LOC,97.8,78.1,63.86
1314,ANDERSON ST,500,247,30,823.3333333,AC,LOC,100,18.2,10.82
1315,ANDERSON ST,600,700,30,2333.333333,AC,LOC,100,14.3,6.92
1316,ANDERSON ST,700,860,35,3344.444444,AC,COL,100,43.6,33.11
1317,ANDERSON ST,700,582,35,2263.333333,AC,COL,100,25,16.98
2993,ANDERSON ST,400,287,30,956.6666667,AC,LOC,98.9,87.1,75.95
1269,ANN ST,1300,692,30,2306.666667,AC,LOC,100,81.5,67.26
1310,ANN ST,1200,571,30,1903.333333,AC,LOC,100,35.9,28.52
1311,ANN ST,0,316,30,1053.333333,AC,LOC,100,59,46.68
1427,ANN ST,0,677,30,2256.666667,AC,LOC,70.8,42.8,33.56
1387,AUSTIN AVE,100,223,30,743.3333333,AC,LOC,100,26.9,19.52
1445,AUSTIN AVE,200,346,30,1153.333333,AC,LOC,100,49.7,38.15
2327,AUSTIN AVE,100,356,30,1186.666667,AC,LOC,100,17.6,10.22
1410,AUSTIN CT,900,782,30,2606.666667,AC,LOC,100,90.2,84.17
1411,AUSTIN CT,1000,639,30,2130,AC,LOC,100,87.8,77.93
2224,AUTUMN WOOD CT,100,350,30,1166.666667,AC,LOC,100,81.6,67.36
60,BALL ST,400,691,30,2303.333333,AC,LOC,100,59.4,47.08
61,BALL ST,500,426,30,1420,AC,LOC,100,73.8,60.16
62,BALL ST,600,429,30,1430,AC,LOC,100,50.2,38.65
63,BALL ST,700,422,30,1406.666667,AC,LOC,90.9,78.8,64.56
64,BALL ST,800,398,30,1326.666667,AC,LOC,100,87.2,76.05
101,BALL ST,1100,435,30,1450,AC,LOC,77.8,65.1,52.66
102,BALL ST,1200,501,30,1670,AC,LOC,38.2,22.7,15.32
103,BALL ST,1200,666,30,2220,AC,LOC,100,28.5,21.12
146,BALL ST,300,260,30,866.6666667,AC,LOC,0,78.5,64.26
153,BALL ST,900,318,30,1060,AC,LOC,75.2,69.6,56.56
154,BALL ST,1000,283,30,943.3333333,AC,LOC,100,90.9,84.87
495,BALL ST,1300,785,30,2616.666667,AC,LOC,100,36.8,29.42
505,BALL ST,1400,1835,30,6116.666667,AC,LOC,100,32,24.62
513,BALL ST,1500,490,30,1633.333333,AC,LOC,0,40.4,32.7
514,BANKHEAD DR,1500,978,35,3803.333333,AC,COL,0,56.4,41.83
515,BANKHEAD DR,1500,399,35,1551.666667,AC,COL,0,58,43.43
678,BANKHEAD DR,1600,262,35,1018.888889,AC,COL,0,63.3,48.73
1602,BANKHEAD DR,1300,363,40,1613.333333,AC,ART,100,57.9,40.06
1604,BANKHEAD DR,1200,380,40,1688.888889,AC,ART,100,50.7,35.08
1605,BANKHEAD DR,1200,748,40,3324.444444,AC,ART,100,55.4,37.56
1606,BANKHEAD DR,1100,473,40,2102.222222,AC,ART,78.9,69,50.38
1611,BANKHEAD DR,1300,289,40,1284.444444,AC,ART,100,52.7,35.97
1612,BANKHEAD DR,1400,1009,40,4484.444444,AC,ART,48.5,44.3,30.9
1613,BANKHEAD DR,1500,1050,40,4666.666667,AC,ART,0,44.8,37.57
1708,BANKHEAD DR,1600,165,40,733.3333333,AC,ART,25.2,41.5,29.21
1709,BANKHEAD DR,1600,485,40,2155.555556,AC,ART,48.1,41.1,29.92
1710,BANKHEAD DR,1600,210,40,933.3333333,AC,ART,20,48,33.49
1711,BANKHEAD DR,1700,1271,40,5648.888889,AC,ART,0,50.9,35.28
1909,BANKHEAD DR,1800,522,40,2320,AC,ART,29.3,44.4,31
1910,BANKHEAD DR,1800,933,40,4146.666667,AC,ART,0,49.4,34.89
1911,BANKHEAD DR,1900,757,40,3364.444444,AC,ART,0,45.5,32.1
1912,BANKHEAD DR,2100,407,40,1808.888889,AC,ART,0,34.8,24.08
1913,BANKHEAD DR,2000,349,40,1551.111111,AC,ART,0,45.8,32.4
1916,BANKHEAD DR,2200,802,40,3564.444444,AC,ART,0,41,29.82
1921,BANKHEAD DR,2600,790,40,3511.111111,AC,ART,0,45.4,32
1960,BANKHEAD DR,2700,366,40,1626.666667,AC,ART,0,50.3,34.68
1961,BANKHEAD DR,2800,828,40,3680,AC,ART,0,88.5,71.56
2331,BANKHEAD DR,2300,897,40,3986.666667,AC,ART,0,15.5,4.78
2332,BANKHEAD DR,0,387,40,1720,AC,ART,0,29.9,19.18
2419,BANKHEAD DR,0,91,40,404.4444444,AC,ART,0,22.6,11.88
2420,BANKHEAD DR,0,188,40,835.5555556,PC,ART,0,49.7,40.27
2751,BANKHEAD DR,0,401,40,1782.222222,AC,ART,11.3,47.7,33.19
653,BANKHEAD HWY,1300,1002,35,3896.666667,AC,COL,0,68.7,53.58
654,BANKHEAD HWY,1400,1277,35,4966.111111,AC,COL,38,46,34.49
1636,BANKHEAD ST,0,663,30,2210,AC,LOC,94.3,80.5,66.26
1920,BANKS DR,1800,973,25,2702.777778,AC,RUR,0,52.35,40.03
2584,BANKS DR,0,545,25,1513.888889,AC,RUR,0,58.1,45.78
1919,BARNETT DR,1800,1002,25,2783.333333,AC,RUR,0,59.9,47.58
1981,BASSWOOD CT,1900,690,30,2300,AC,LOC,98.1,91.9,85.87
3076,BAY LAUREL DR,1900,350,30,1166.666667,AC,LOC,100,85,70.76
3293,BAY LAUREL DR,1900,410,30,1366.666667,AC,LOC,100,95.8,89.77
3294,BAY LAUREL DR,2000,658,30,2193.333333,AC,LOC,100,92.9,86.87
3319,BAY LAUREL DR,1900,361,30,1203.333333,AC,LOC,100,85.7,73.27
281,BAYLOR ST,300,282,30,940,AC,LOC,100,28.2,20.82
282,BAYLOR ST,400,448,30,1493.333333,AC,LOC,100,36.7,29.32
283,BAYLOR ST,500,451,30,1503.333333,AC,LOC,100,58.4,46.08
284,BAYLOR ST,600,556,30,1853.333333,AC,LOC,100,63.8,51.48
1376,BAYLOR ST,400,652,30,2173.333333,AC,LOC,0,13.4,85.77
1588,BEAUMONT DR,300,388,30,1293.333333,AC,LOC,100,95.5,89.47
1590,BEAUMONT DR,300,306,30,1020,AC,LOC,100,89.2,81.89
399,BETHEL RD,0,223,40,991.1111111,AC,ART,45.5,77.2,56.93
400,BETHEL RD,1700,855,40,3800,AC,ART,0,94.3,84.68
401,BETHEL RD,1700,128,40,568.8888889,AC,ART,0,97,87.38
402,BETHEL RD,1800,574,40,2551.111111,AC,ART,0,92.7,81.25
403,BETHEL RD,1900,1103,40,4902.222222,AC,ART,0,95.2,85.58
405,BETHEL RD,1900,774,40,3440,AC,ART,0,96.5,86.88
631,BETHEL RD,2000,1541,40,6848.888889,AC,ART,0,94.3,84.68
635,BETHEL RD,0,1042,40,4631.111111,AC,ART,0,95.4,85.78
637,BETHEL RD,0,777,40,3453.333333,AC,ART,0,94.6,84.98
638,BETHEL RD,0,640,40,2844.444444,AC,ART,0,94,84.38
3372,BILO,200,536,30,1786.666667,AC,LOC,100,95.5,89.47
3373,BILO,300,751,30,2503.333333,AC,LOC,100,87.9,78.03
228,BISHOP ST,1200,516,30,1720,AC,LOC,100,81.6,67.36
229,BISHOP ST,1200,453,30,1510,AC,LOC,56.2,94.9,88.87
350,BISHOP ST,1100,362,30,1206.666667,AC,LOC,19.6,63.2,90.1
1680,BLACK FOREST DR,100,374,30,1246.666667,AC,LOC,100,84.5,70.26
1681,BLACK FOREST DR,100,675,30,2250,AC,LOC,100,64.1,51.78
2506,BLAIR DR,1700,606,25,1683.333333,AC,RUR,0,79.3,65.06
2231,BLUE SAGE CT,100,283,30,943.3333333,AC,LOC,100,83,68.76
540,BOB WHITE AVE,200,352,30,1173.333333,AC,LOC,100,84,69.76
558,BOB WHITE AVE,100,547,30,1823.333333,AC,LOC,100,75.7,61.76
559,BOB WHITE AVE,100,240,30,800,AC,LOC,100,70.3,57.26
1352,BOIS D ARC LN,800,460,30,1533.333333,AC,LOC,0,26.8,19.42
1353,BOIS D ARC LN,400,414,30,1380,AC,LOC,45.8,27.7,20.32
1788,BOIS D ARC LN,0,274,30,913.3333333,AC,LOC,0,14.9,7.52
1789,BOIS D ARC LN,0,478,30,1593.333333,AC,LOC,100,9.3,1.92
3120,BOIS D ARC LN,300,292,30,973.3333333,AC,LOC,0,62.6,50.28
1254,BOIS D ARC ST,1000,125,30,416.6666667,AC,LOC,100,78.2,63.96
1255,BOIS D ARC ST,0,302,30,1006.666667,AC,LOC,100,75.4,61.46
1256,BOIS D ARC ST,1200,527,30,1756.666667,AC,LOC,100,45.7,35.69
1257,BOIS D ARC ST,0,221,30,736.6666667,AC,LOC,100,38.8,31.42
1378,BOIS D ARC ST,200,394,30,1313.333333,AC,LOC,0,0,0
2328,BOIS D ARC ST,1300,556,30,1853.333333,AC,LOC,100,30.8,23.42
2329,BOIS D ARC ST,1300,110,30,366.6666667,AC,LOC,76.9,31,23.62
3121,BOIS D ARC ST,300,62,30,206.6666667,AC,LOC,0,0,0
3122,BOIS D ARC ST,300,328,30,1093.333333,AC,LOC,0,16.6,9.22
104,BOUNDARY ST,400,343,30,1143.333333,AC,LOC,100,88.9,80.31
105,BOUNDARY ST,400,100,30,333.3333333,AC,LOC,100,92.6,86.57
106,BOUNDARY ST,500,453,30,1510,AC,LOC,35.3,80.9,66.66
107,BOUNDARY ST,600,449,30,1496.666667,AC,LOC,0,86.1,73.67
108,BOUNDARY ST,700,688,30,2293.333333,AC,LOC,0,63.5,51.18
127,BOUNDARY ST,100,657,30,2190,AC,LOC,90.5,49.3,37.75
715,BOUNDARY ST,800,277,30,923.3333333,AC,LOC,0,58.5,46.18
161,BOWIE DR,200,412,40,1831.111111,AC,ART,45.8,36.25,25.53
162,BOWIE DR,300,501,40,2226.666667,AC,ART,78.9,38.95,28.23
297,BOWIE DR,600,345,40,1533.333333,AC,ART,100,87.9,70.96
298,BOWIE DR,500,340,40,1511.111111,AC,ART,100,82.1,61.28
299,BOWIE DR,400,349,40,1551.111111,AC,ART,100,84.4,63.03
300,BOWIE DR,300,345,40,1533.333333,AC,ART,100,65.4,47.33
301,BOWIE DR,300,344,40,1528.888889,AC,ART,100,61.1,43.26
302,BOWIE DR,200,345,40,1533.333333,AC,ART,100,59.2,41.36
303,BOWIE DR,100,302,40,1342.222222,AC,ART,100,52.3,35.57
304,BOWIE DR,100,138,40,613.3333333,AC,ART,100,19.7,8.98
337,BOWIE DR,700,346,40,1537.777778,AC,ART,100,92.8,81.35
377,BOWIE DR,1800,4153,40,18457.77778,AC,ART,18.3,85.6,65
379,BOWIE DR,800,1084,40,4817.777778,AC,ART,100,93.6,83.98
529,BOWIE DR,0,285,40,1266.666667,AC,ART,100,87.1,68.33
530,BOWIE DR,0,293,40,1302.222222,AC,ART,100,90.1,74.99
545,BOWIE DR,0,294,40,1306.666667,AC,ART,100,89.3,74.19
546,BOWIE DR,0,294,40,1306.666667,AC,ART,100,92.2,80.75
554,BOWIE DR,1300,373,40,1657.777778,AC,ART,100,92.2,80.75
618,BOWIE DR,1000,427,40,1897.777778,AC,ART,100,91.9,80.45
640,BOWIE DR,0,109,40,484.4444444,AC,ART,100,75,55.28
641,BOWIE DR,0,439,40,1951.111111,AC,ART,0,78.25,57.98
652,BOWIE DR,100,706,40,3137.777778,AC,ART,49.9,31,20.28
3291,BOWIE DR,1100,558,40,2480,AC,ART,100,92.8,81.35
3292,BOWIE DR,1300,549,40,2440,AC,ART,100,92,80.55
472,BOWIE ST,1400,2259,35,8785,AC,COL,100,83.2,67.16
76,BRAZOS ST,200,350,35,1361.111111,AC,COL,100,61.9,47.33
77,BRAZOS ST,300,553,35,2150.555556,AC,COL,100,66,51.34
78,BRAZOS ST,400,349,35,1357.222222,AC,COL,100,76.4,60.59
79,BRAZOS ST,400,103,35,400.5555556,AC,COL,100,90.6,81.87
80,BRAZOS ST,500,383,35,1489.444444,AC,COL,100,92,84.62
120,BRAZOS ST,100,351,35,1365,AC,COL,100,46.5,34.99
121,BRAZOS ST,100,223,35,867.2222222,AC,COL,100,47.8,35.27
254,BRAZOS ST,100,581,30,1936.666667,AC,LOC,97.8,34.2,26.82
264,BRAZOS ST,300,313,30,1043.333333,AC,LOC,95.7,29.7,22.32
265,BRAZOS ST,300,326,30,1086.666667,AC,LOC,100,13.3,5.92
266,BRAZOS ST,400,353,30,1176.666667,AC,LOC,100,21.6,14.22
267,BRAZOS ST,500,322,30,1073.333333,AC,LOC,70.3,12.5,5.12
268,BRAZOS ST,600,237,30,790,AC,LOC,100,29.8,22.42
269,BRAZOS ST,700,443,30,1476.666667,AC,LOC,100,28.2,20.82
270,BRAZOS ST,800,439,30,1463.333333,AC,LOC,100,24.9,17.52
343,BRAZOS ST,900,121,30,403.3333333,AC,LOC,100,22.1,14.72
396,BRAZOS ST,900,408,30,1360,AC,LOC,100,19.4,12.02
587,BRAZOS ST,1200,913,30,3043.333333,AC,LOC,100,20.8,86.1
592,BRAZOS ST,400,175,30,583.3333333,AC,LOC,0,17.45,86.1
593,BRAZOS ST,0,197,30,656.6666667,AC,LOC,48.3,21.6,86.1
600,BRAZOS ST,1200,938,30,3126.666667,AC,LOC,100,0.2,96.98
611,BRAZOS ST,1000,453,30,1510,AC,LOC,100,5.2,0
1218,BRIARHAVEN BLVD,100,319,30,1063.333333,AC,LOC,100,38,30.62
1219,BRIARHAVEN BLVD,100,209,30,696.6666667,AC,LOC,100,38,30.62
1657,BRIARHAVEN BLVD,0,204,30,680,AC,LOC,100,72.1,58.76
20,BRIDGE ST,100,232,30,773.3333333,AC,LOC,88.2,32.1,24.72
39,BRIDGE ST,200,341,30,1136.666667,AC,LOC,100,39.2,31.82
40,BRIDGE ST,200,356,30,1186.666667,AC,LOC,100,35.5,28.12
41,BRIDGE ST,300,552,30,1840,AC,LOC,100,90.3,84.27
42,BRIDGE ST,600,421,30,1403.333333,AC,LOC,100,29.9,22.52
43,BRIDGE ST,700,422,30,1406.666667,AC,LOC,100,29.3,21.92
44,BRIDGE ST,800,392,30,1306.666667,AC,LOC,100,29,21.62
45,BRIDGE ST,900,292,30,973.3333333,AC,LOC,65.9,37.2,29.82
46,BRIDGE ST,1000,342,30,1140,AC,LOC,100,91.5,85.47
147,BRIDGE ST,400,567,30,1890,AC,LOC,100,95.5,89.47
148,BRIDGE ST,500,549,30,1830,AC,LOC,100,71.2,57.86
1439,BRIDGE ST,100,377,40,1675.555556,AC,ART,25.9,41.5,29.21
1444,BRIDGE ST,100,224,40,995.5555556,AC,ART,100,24.4,13.68
707,BROWDER LN,2232,1608,30,5360,PC,LOC,0,82.2,72.32
2208,BRUSH CREEK DR,0,817,30,2723.333333,AC,LOC,100,89.3,81.99
81,BRYAN ST,200,353,30,1176.666667,AC,LOC,100,34.6,27.22
82,BRYAN ST,300,556,30,1853.333333,AC,LOC,100,50.2,38.65
83,BRYAN ST,400,345,30,1150,AC,LOC,100,84.4,70.16
84,BRYAN ST,500,558,30,1860,AC,LOC,100,87.3,77.43
140,BRYAN ST,100,602,30,2006.666667,AC,LOC,100,59.4,47.08
152,BRYAN ST,600,431,30,1436.666667,AC,LOC,0,47.2,36.42
3376,BULLARD ST,0,537,25,1491.666667,AC,LOC,0,77,63.06
481,BURETTE DR,0,497,30,1656.666667,AC,LOC,100,92,85.97
711,BURETTE DR,0,764,30,2546.666667,AC,LOC,100,93.4,87.37
1992,BURNING TREE CT,2200,419,30,1396.666667,AC,LOC,100,86.8,75.65
1917,BURTON DR,2400,586,25,1627.777778,AC,RUR,0,47.65,36.87
1633,CAMELIA ST,1200,317,30,1056.666667,AC,LOC,100,45.9,35.89
1634,CAMELIA ST,0,150,30,500,AC,LOC,100,64.4,52.08
1216,CAMELOT DR,100,519,30,1730,AC,LOC,100,36.35,28.97
1658,CAMELOT DR,100,651,30,2170,AC,LOC,100,23.55,16.17
1659,CAMELOT DR,200,389,30,1296.666667,AC,LOC,100,31.35,23.97
1660,CAMELOT DR,200,811,30,2703.333333,AC,LOC,100,46.25,36.24
1665,CAMELOT DR,100,161,30,536.6666667,AC,LOC,100,0,0
1678,CARDINAL CT,200,700,30,2333.333333,AC,LOC,100,87,75.85
2874,CARLISLE DRIVE,300,289,30,963.3333333,AC,LOC,100,94.2,88.17
2875,CARLISLE DRIVE,300,1017,30,3390,AC,LOC,100,93.4,87.37
2021,CARRIAGE HILL,100,458,30,1526.666667,AC,LOC,100,33.2,25.82
166,CARTER DR,1000,290,30,966.6666667,AC,LOC,0,76.35,62.41
99,CASE ST,400,475,30,1583.333333,AC,LOC,100,14,97.77
159,CASE ST,200,503,30,1676.666667,AC,LOC,100,16.3,97.77
160,CASE ST,300,568,30,1893.333333,AC,LOC,100,14.8,97.77
1736,CAUSBIE RD,2600,2194,25,6094.444444,AC,RUR,0,30,22.62
1639,CEDAR ST,200,489,30,1630,AC,LOC,100,86.4,75.25
234,CHARLES ST,800,286,30,953.3333333,AC,LOC,100,24.1,87.1
235,CHARLES ST,700,410,30,1366.666667,AC,LOC,92.3,29.2,87.1
340,CHARLES ST,800,361,30,1203.333333,AC,LOC,100,24.8,87.1
378,CHARLES ST,900,234,30,780,AC,LOC,100,29.1,87.1
524,CHARLES ST,1300,1048,40,4657.777778,AC,ART,42.5,36.2,25.48
531,CHARLES ST,1200,961,40,4271.111111,AC,ART,100,38.1,27.38
550,CHARLES ST,1100,449,40,1995.555556,AC,ART,100,77.1,56.83
557,CHARLES ST,1200,1295,40,5755.555556,AC,ART,84.3,43.9,84.18
615,CHARLES ST,0,326,40,1448.888889,AC,ART,100,19.4,84.18
619,CHARLES ST,900,409,40,1817.777778,AC,ART,100,23.1,84.18
2119,CHARLIE WAY,200,612,30,2040,AC,LOC,100,63.9,51.58
2120,CHARLIE WAY,300,334,30,1113.333333,AC,LOC,100,63.9,51.58
2121,CHARLIE WAY,400,631,30,2103.333333,AC,LOC,100,86.9,75.75
224,CHEROKEE ST,1100,365,30,1216.666667,AC,LOC,81.8,17,90.1
225,CHEROKEE ST,1200,520,30,1733.333333,AC,LOC,100,76.5,62.56
226,CHEROKEE ST,1200,485,30,1616.666667,AC,LOC,100,81.8,67.56
1607,CHERRY ST,200,788,30,2626.666667,AC,LOC,100,25.6,18.22
1610,CHERRY ST,300,1137,30,3790,AC,LOC,100,23.7,16.32
109,CHILTON ST,400,442,30,1473.333333,AC,LOC,22.4,83.7,69.46
110,CHILTON ST,500,445,30,1483.333333,AC,LOC,0,88.1,78.23
163,CHILTON ST,600,439,30,1463.333333,AC,LOC,0,72,58.66
164,CHILTON ST,700,462,30,1540,AC,LOC,0,69.3,56.26
1594,CHIMNEY ROCK CT,100,183,30,610,AC,LOC,0,75.9,61.96
2709,CHIMNEY ROCK CT,100,138,30,460,AC,LOC,100,67.2,54.46
1593,CHIMNEY ROCK DR,0,492,30,1640,AC,LOC,100,91.6,85.57
2710,CHIMNEY ROCK DR,100,296,30,986.6666667,AC,LOC,100,85.8,73.37
256,CHURCH ST,200,355,30,1183.333333,AC,LOC,100,68.2,97.77
312,CHURCH ST,100,354,30,1180,AC,LOC,100,39.5,97.77
313,CHURCH ST,100,221,30,736.6666667,AC,LOC,98.4,46.4,97.77
1388,CHURCH ST,100,220,30,733.3333333,AC,LOC,100,79.6,65.36
1389,CHURCH ST,100,356,30,1186.666667,AC,LOC,100,23.6,97.77
1390,CHURCH ST,200,351,30,1170,AC,LOC,100,36.7,97.77
2259,CIMMARON TR,3100,1998,25,5550,AC,RUR,0,36.6,29.22
2866,CLARK AVE,300,777,30,2590,AC,LOC,100,92.4,86.37
1991,CLEAR CREEK CT,2200,472,30,1573.333333,AC,LOC,100,89.85,82.54
1980,CLEAR CREEK DR,1900,943,30,3143.333333,AC,LOC,100,90.9,84.87
1984,CLEAR CREEK DR,2200,321,30,1070,AC,LOC,100,94.35,88.32
1985,CLEAR CREEK DR,2000,341,30,1136.666667,AC,LOC,100,95.75,89.72
1986,CLEAR CREEK DR,2100,343,30,1143.333333,AC,LOC,100,95.55,89.52
1989,CLEAR CREEK DR,2200,345,30,1150,AC,LOC,100,95.25,89.22
1990,CLEAR CREEK DR,2200,400,30,1333.333333,AC,LOC,100,90.65,84.62
2603,CLEAR LAKE DR,1900,2108,30,7026.666667,AC,LOC,0,42.9,33.66
1655,CLEAR LAKE RD,1300,103,30,343.3333333,AC,LOC,100,75.2,61.26
1656,CLEAR LAKE RD,1400,1056,30,3520,AC,LOC,100,88.6,80.01
1690,CLEAR LAKE RD,1500,239,30,796.6666667,AC,LOC,100,44.1,34.86
1691,CLEAR LAKE RD,1600,539,30,1796.666667,AC,LOC,0,66.8,54.06
1692,CLEAR LAKE RD,1700,551,30,1836.666667,AC,LOC,0,43.5,34.26
1693,CLEAR LAKE RD,1800,1028,30,3426.666667,AC,LOC,39.3,79.1,64.86
1979,CLEAR LAKE RD,2100,581,40,2582.222222,AC,ART,100,80.1,59.28
1997,CLEAR LAKE RD,2200,580,40,2577.777778,AC,ART,100,86.8,68.03
1998,CLEAR LAKE RD,2300,352,40,1564.444444,AC,ART,100,84.5,63.13
1999,CLEAR LAKE RD,0,545,40,2422.222222,AC,ART,100,83,62.18
2003,CLEAR LAKE RD,0,99,40,440,AC,ART,100,82.3,61.48
2013,CLEAR LAKE RD,0,550,40,2444.444444,AC,ART,0,89.3,74.19
2409,CLEAR LAKE RD,0,150,40,666.6666667,PC,ART,49.6,79.8,65.56
2583,CLEAR LAKE RD,0,1019,40,4528.888889,AC,ART,11.5,80.1,59.28
2605,CLEAR LAKE RD,0,284,40,1262.222222,AC,ART,54.6,76.7,56.43
2606,CLEAR LAKE RD,0,90,40,400,AC,ART,0,88.4,71.46
3021,CLEAR LAKE RD,1200,1029,35,4001.666667,AC,COL,100,75.9,60.32
413,CLEBURNE AVE,100,1980,35,7700,AC,COL,0,69.1,53.98
344,CLEVELAND AVE,300,629,30,2096.666667,AC,LOC,62.8,74.8,61.16
346,CLEVELAND AVE,200,348,30,1160,AC,LOC,100,65.2,52.76
2199,CLIFF VIEW CT,3300,401,30,1336.666667,AC,LOC,0,93.6,87.57
2198,CLIFF VIEW DR,3400,326,30,1086.666667,AC,LOC,0,94.6,88.57
2193,CLIFF VIEW LOOP,3400,585,30,1950,AC,LOC,49.4,95.7,89.67
2190,CLIFF VIEW LP,3500,542,30,1806.666667,AC,LOC,100,86.3,73.87
2192,CLIFF VIEW LP,3400,453,30,1510,AC,LOC,100,93.4,87.37
2209,CLIFF VIEW LP,3500,434,30,1446.666667,AC,LOC,100,93.4,87.37
2211,CLIFF VIEW LP,3500,493,30,1643.333333,AC,LOC,100,96.6,90.57
2214,CLIFF VIEW LP,3600,1266,30,4220,AC,LOC,100,91.4,85.37
2215,CLIFF VIEW LP,3700,1072,30,3573.333333,AC,LOC,100,91.7,85.67
155,CLINTON ST,100,299,30,996.6666667,AC,LOC,100,62,49.68
157,CLINTON ST,300,526,30,1753.333333,AC,LOC,96,0,0
158,CLINTON ST,200,588,30,1960,AC,LOC,87.5,33.2,25.82
1384,COLLEGE AVE,200,350,30,1166.666667,AC,LOC,100,95.4,89.37
1385,COLLEGE AVE,100,352,30,1173.333333,AC,LOC,100,94.9,88.87
1386,COLLEGE AVE,100,226,30,753.3333333,AC,LOC,100,82.6,68.36
1567,COLLEGE AVE,300,636,30,2120,AC,LOC,100,84.6,70.36
1232,COLLEGE PARK DR,0,1189,40,5284.444444,AC,ART,100,81.5,90.73
1233,COLLEGE PARK DR,200,2595,40,11533.33333,AC,ART,100,66.6,97.63
210,COLUMBIA ST,200,351,30,1170,AC,LOC,100,38.7,31.32
211,COLUMBIA ST,300,357,30,1190,AC,LOC,100,40.7,33
212,COLUMBIA ST,300,283,30,943.3333333,AC,LOC,100,40.6,32.9
213,COLUMBIA ST,400,448,30,1493.333333,AC,LOC,100,50.8,38.48
214,COLUMBIA ST,500,451,30,1503.333333,AC,LOC,100,48.2,37.42
215,COLUMBIA ST,600,426,30,1420,AC,LOC,100,47,36.22
319,COLUMBIA ST,100,347,30,1156.666667,AC,LOC,100,42,33.53
320,COLUMBIA ST,100,230,30,766.6666667,AC,LOC,100,46.6,35.82
867,COLUMBIA ST,800,249,30,830,AC,LOC,0,0,0
1368,COLUMBIA ST,100,352,30,1173.333333,AC,LOC,100,39.1,31.72
1369,COLUMBIA ST,200,351,30,1170,AC,LOC,100,21,13.62
1370,COLUMBIA ST,300,625,30,2083.333333,AC,LOC,100,21,13.62
1568,COLUMBIA ST,500,465,30,1550,AC,LOC,0,0,0
1574,COLUMBIA ST,1000,631,30,2103.333333,AC,LOC,0,60.9,48.58
1608,COLUMBIA ST,0,174,30,580,AC,LOC,100,55.7,43.38
1609,COLUMBIA ST,0,162,30,540,AC,LOC,100,71.2,57.86
1792,COLUMBIA ST,100,222,30,740,AC,LOC,56.5,49.9,38.35
1535,COMMON ST,500,239,30,796.6666667,AC,LOC,100,48.4,37.62
1539,COMMON ST,0,132,30,440,AC,LOC,0,12.2,4.82
1540,COMMON ST,600,325,30,1083.333333,AC,LOC,100,8.4,1.02
1542,COMMON ST,700,468,30,1560,AC,LOC,74.6,19.3,11.92
1553,COMMON ST,800,463,30,1543.333333,AC,LOC,0,18.5,11.12
2235,COPPER FIELD CT,100,221,30,736.6666667,AC,LOC,100,76,62.06
2330,COTTONWOOD ST,100,570,30,1900,AC,LOC,100,85.3,71.59
2015,COUNTRY BROOK CT,100,197,30,656.6666667,AC,LOC,100,85.9,73.47
2014,COUNTRY BROOK DR,0,234,30,780,AC,LOC,100,42.2,33.73
2017,COUNTRY BROOK DR,0,349,30,1163.333333,AC,LOC,100,87.9,78.03
2019,COUNTRY BROOK DR,0,726,30,2420,AC,LOC,100,77.2,62.96
2022,COUNTRY BROOK DR,0,157,30,523.3333333,AC,LOC,100,68.6,55.56
2025,COUNTRY BROOK DR,2100,879,30,2930,AC,LOC,100,88.9,80.31
2030,COUNTRY BROOK DR,2300,319,30,1063.333333,AC,LOC,100,93.2,87.17
2023,COUNTRYSIDE CT,100,384,30,1280,AC,LOC,100,80.1,65.86
3300,COUNTY BROOK DR,2400,333,30,1110,AC,LOC,37,93,86.97
176,COUTS ST,200,350,35,1361.111111,AC,COL,100,63.15,48.58
177,COUTS ST,300,279,35,1085,AC,COL,100,77.2,61.39
178,COUTS ST,400,457,35,1777.222222,AC,COL,100,58.45,43.88
179,COUTS ST,500,443,35,1722.777778,AC,COL,100,40.9,32.45
181,COUTS ST,600,624,35,2426.666667,AC,COL,100,32,23.98
182,COUTS ST,700,301,35,1170.555556,AC,COL,100,61.3,46.73
183,COUTS ST,800,456,35,1773.333333,AC,COL,100,60.35,45.78
184,COUTS ST,900,458,35,1781.111111,AC,COL,100,72.85,57.5
185,COUTS ST,1000,426,35,1656.666667,AC,COL,100,73.15,57.8
309,COUTS ST,100,567,35,2205,AC,COL,100,72.9,57.55
329,COUTS ST,300,305,35,1186.111111,AC,COL,100,60.95,46.38
330,COUTS ST,300,47,30,156.6666667,AC,LOC,100,36.85,29.47
1578,COYOTE RUN,100,805,30,2683.333333,AC,LOC,88,90.8,84.77
2194,CREEK CROSSING DR,0,658,30,2193.333333,AC,LOC,100,87.6,77.73
2205,CREEK CROSSING DR,0,578,30,1926.666667,AC,LOC,82.6,94.4,88.37
2206,CREEK CROSSING DR,0,107,30,356.6666667,AC,LOC,100,94,87.97
2207,CREEK CROSSING DR,0,51,30,170,AC,LOC,100,82,67.76
2039,CREEK SIDE DR,2200,661,30,2203.333333,AC,LOC,100,91,84.97
2873,CROW AVE,500,490,30,1633.333333,AC,LOC,0,87.5,77.63
1253,CURTIS DR,1100,580,30,1933.333333,AC,LOC,100,86.7,75.55
1259,CURTIS DR,0,683,30,2276.666667,AC,LOC,85.7,89.8,82.49
1262,CURTIS DR,1300,321,30,1070,AC,LOC,100,83.5,69.26
2100,CYNTHIA LN,100,645,30,2150,AC,LOC,100,86.8,75.65
1616,CYPRESS ST,1400,362,30,1206.666667,AC,LOC,0,59.4,86.75
1587,DALHART CT,300,155,30,516.6666667,AC,LOC,100,75.8,61.86
1583,DALHART DR,300,287,30,956.6666667,AC,LOC,100,93,86.97
1584,DALHART DR,300,323,30,1076.666667,AC,LOC,100,93.7,87.67
1586,DALHART DR,300,307,30,1023.333333,AC,LOC,100,93,86.97
30,DALLAS AVE,100,223,30,743.3333333,AC,LOC,100,71.2,57.86
122,DALLAS AVE,200,351,30,1170,AC,LOC,100,32.2,24.82
123,DALLAS AVE,300,549,30,1830,AC,LOC,92,23,15.62
141,DALLAS AVE,100,352,30,1173.333333,AC,LOC,100,70.4,57.06
1870,DALTON ST,700,663,30,2210,AC,LOC,14,40.2,32.5
255,DAVIS ST,100,579,30,1930,AC,LOC,100,23.7,16.32
257,DAVIS ST,200,351,30,1170,AC,LOC,100,34.5,27.12
258,DAVIS ST,300,313,30,1043.333333,AC,LOC,100,51.7,39.38
259,DAVIS ST,300,324,30,1080,AC,LOC,100,64.2,51.88
260,DAVIS ST,400,360,30,1200,AC,LOC,100,37,29.62
262,DAVIS ST,500,292,30,973.3333333,AC,LOC,100,40.2,32.5
263,DAVIS ST,600,242,30,806.6666667,AC,LOC,100,32.6,25.22
673,DAVIS ST,700,276,30,920,AC,LOC,100,63.3,50.98
1931,DAWN CR,100,548,25,1522.222222,AC,RUR,0,81.05,66.81
1932,DAWN CR,100,479,25,1330.555556,AC,RUR,0,69.55,56.51
2080,DE LA CRUZ DR,200,1916,35,7451.111111,AC,COL,0,87.8,76.37
2081,DE LA CRUZ DR,300,1280,35,4977.777778,AC,COL,0,85.3,69.82
2689,DE LA CRUZ ST,600,707,35,2749.444444,AC,COL,0,79.7,63.66
2690,DE LA CRUZ ST,500,368,35,1431.111111,AC,COL,0,83.5,67.46
2691,DE LA CRUZ ST,700,793,35,3083.888889,AC,COL,0,84.65,68.61
2099,DEANNA LN,100,667,30,2223.333333,AC,LOC,100,89.8,82.49
2029,DEERWOOD CT,2100,499,30,1663.333333,AC,LOC,100,88.3,79.71
1464,DENTON RD,100,499,30,1663.333333,AC,LOC,100,91.8,85.77
1470,DENTON RD,100,254,30,846.6666667,AC,LOC,100,92.5,86.47
1481,DENTON RD,200,494,30,1646.666667,AC,LOC,100,94.9,88.87
1483,DENTON RD,300,831,30,2770,AC,LOC,88.3,90.3,84.27
1559,DENTON RD,300,1965,35,7641.666667,AC,COL,36.9,64,49.43
1465,DENTON ST,100,358,30,1193.333333,AC,LOC,0,31.3,23.92
1468,DENTON ST,200,184,30,613.3333333,AC,LOC,100,79.9,73.34
1469,DENTON ST,200,437,30,1456.666667,AC,LOC,20.8,62.9,50.58
534,DIRKSON ST,1200,949,30,3163.333333,AC,LOC,51.7,29.9,22.52
547,DIRKSON ST,1100,542,30,1806.666667,AC,LOC,100,28.1,20.72
802,DIRKSON ST,0,150,30,500,AC,LOC,100,11,3.62
860,DUBELLETT ST,200,255,30,850,AC,LOC,0,59,46.68
97,DUBELLETTE ST,200,352,30,1173.333333,AC,LOC,0,12.3,4.92
98,DUBELLETTE ST,300,552,30,1840,AC,LOC,100,0,0
126,DUBELLETTE ST,100,659,30,2196.666667,AC,LOC,100,28.6,21.22
279,DUBELLETTE ST,100,484,30,1613.333333,AC,LOC,100,63.1,50.78
1537,DUKE ST,900,486,30,1620,AC,LOC,59.5,16.8,9.42
1548,DUKE ST,600,564,30,1880,AC,LOC,64.3,36.45,29.07
1824,DUKE ST,1000,898,30,2993.333333,AC,LOC,11.1,54.8,42.48
1825,DUKE ST,1200,338,30,1126.666667,AC,LOC,100,11.2,3.82
1826,DUKE ST,1200,228,30,760,AC,LOC,100,13.9,6.52
1827,DUKE ST,0,315,30,1050,AC,LOC,100,28.6,21.22
1828,DUKE ST,0,314,30,1046.666667,AC,LOC,100,45.7,35.69
487,EAST VIEW DR,1300,921,30,3070,AC,LOC,100,69.9,56.86
503,EAST VIEW DR,1400,1384,30,4613.333333,AC,LOC,100,85,70.76
588,EDGE HILL CT,100,486,30,1620,AC,LOC,100,56.3,43.98
1509,EDNA ST,100,601,30,2003.333333,AC,LOC,100,23.95,16.57
1516,EDNA ST,200,340,30,1133.333333,AC,LOC,100,32.85,25.47
1521,EDNA ST,300,590,30,1966.666667,AC,LOC,67,27.95,20.57
1528,EDNA ST,400,641,30,2136.666667,AC,LOC,45.5,45.3,35.29
1536,EDNA ST,500,225,30,750,AC,LOC,46.9,92.5,86.47
1837,EIGHTH ST,100,518,30,1726.666667,AC,LOC,21.1,21.6,87.16
1838,EIGHTH ST,200,615,30,2050,AC,LOC,100,62.9,88.16
1839,EIGHTH ST,300,459,30,1530,AC,LOC,14.3,74.7,88.16
1840,EIGHTH ST,400,425,30,1416.666667,AC,LOC,24.2,80.4,87.16
1729,EL COLINA,100,1082,25,3005.555556,AC,RUR,0,62.2,49.88
541,ELAINE ST,1400,290,30,966.6666667,AC,LOC,100,23.4,16.02
542,ELAINE ST,1500,295,30,983.3333333,AC,LOC,100,26.6,19.22
543,ELAINE ST,1500,119,30,396.6666667,AC,LOC,100,30.2,22.82
544,ELAINE ST,1600,170,30,566.6666667,AC,LOC,100,30.2,22.82
549,ELAINE ST,1300,409,30,1363.333333,AC,LOC,100,24.5,17.12
490,ELIZABETH PL,600,365,30,1216.666667,AC,LOC,100,91,84.97
1207,ELM ST,1500,438,30,1460,AC,LOC,100,84.3,70.06
1208,ELM ST,1400,491,30,1636.666667,AC,LOC,96.8,55.5,43.18
1335,ELM ST,900,641,30,2136.666667,AC,LOC,100,48.2,37.42
1346,ELM ST,800,511,35,1987.222222,AC,COL,38.2,78.8,62.76
1396,ELM ST,100,350,35,1361.111111,AC,COL,100,80,63.96
1397,ELM ST,200,351,35,1365,AC,COL,100,78.5,62.69
1398,ELM ST,300,636,35,2473.333333,AC,COL,100,89.6,79.52
1399,ELM ST,0,388,35,1508.888889,AC,COL,75.4,74.7,59.12
1400,ELM ST,500,255,35,991.6666667,AC,COL,0,71.1,55.75
1438,ELM ST,0,261,40,1160,AC,ART,100,66.4,47.78
1440,ELM ST,100,354,35,1376.666667,AC,COL,100,83.4,67.36
1441,ELM ST,300,309,35,1201.666667,AC,COL,100,71.6,56.25
1442,ELM ST,400,714,35,2776.666667,AC,COL,100,74.3,58.72
1502,ELM ST,500,538,35,2092.222222,AC,COL,100,88.8,77.37
1507,ELM ST,600,368,35,1431.111111,AC,COL,100,92.3,84.92
1508,ELM ST,700,428,35,1664.444444,AC,COL,100,93.3,85.92
1510,ELM ST,800,264,35,1026.666667,AC,COL,100,95.3,87.92
1513,ELM ST,900,472,35,1835.555556,AC,COL,100,93.4,86.02
1795,ELM ST,0,226,35,878.8888889,AC,COL,56.5,68.3,53.41
1798,ELM ST,0,222,35,863.3333333,AC,COL,44.8,79.1,63.06
1812,ELM ST,1000,490,35,1905.555556,AC,COL,100,89.7,79.62
1813,ELM ST,1000,482,35,1874.444444,AC,COL,100,89.9,79.82
1814,ELM ST,1200,479,35,1862.777778,AC,COL,100,84.1,68.06
1815,ELM ST,1300,475,35,1847.222222,AC,COL,100,75.7,60.12
1816,ELM ST,1400,480,35,1866.666667,AC,COL,100,79.2,63.16
1817,ELM ST,1500,475,35,1847.222222,AC,COL,100,93.7,86.32
1818,ELM ST,1600,472,35,1835.555556,AC,COL,0,87.3,74.52
3360,ELM ST,600,279,35,1085,AC,COL,0,80,63.96
3361,ELM ST,700,279,35,1085,AC,COL,0,73.9,58.32
221,ELMIRA ST,1100,367,30,1223.333333,AC,LOC,100,95,90.1
348,ELMIRA ST,1100,198,30,660,AC,LOC,100,87.1,75.95
3097,ELMIRA ST,1200,516,30,1720,AC,LOC,5.7,72,58.66
3098,ELMIRA ST,1200,220,30,733.3333333,AC,LOC,100,69.8,56.76
3283,EMILIE CT,0,326,30,1086.666667,AC,LOC,100,62.3,56.59
1450,ESTEL ST,600,560,30,1866.666667,AC,LOC,82,48.3,37.52
1451,ESTEL ST,700,211,30,703.3333333,AC,LOC,100,10.9,3.52
1482,ESTEL ST,800,606,30,2020,AC,LOC,27.1,5.2,0
1328,EUREKA ST,900,1361,30,4536.666667,AC,LOC,85.1,34.1,97.77
1336,EUREKA ST,100,302,40,1342.222222,AC,ART,96.8,69.8,50.63
1337,EUREKA ST,100,171,40,760,AC,ART,100,79.3,59.03
1338,EUREKA ST,200,658,40,2924.444444,AC,ART,100,78.3,58.03
1340,EUREKA ST,300,191,40,848.8888889,AC,ART,71.7,93.4,83.78
1341,EUREKA ST,300,153,30,510,AC,LOC,100,67.1,54.36
1342,EUREKA ST,300,293,40,1302.222222,AC,ART,100,91.9,80.45
1343,EUREKA ST,400,684,40,3040,AC,ART,100,92.7,81.25
1344,EUREKA ST,700,748,40,3324.444444,AC,ART,100,73.1,53.38
1785,EUREKA ST,0,784,40,3484.444444,AC,ART,100,83.7,62.33
2210,EVERGREEN TR,200,787,30,2623.333333,AC,LOC,87.7,90.7,84.67
1863,FEGAN ST,500,484,30,1613.333333,AC,LOC,100,33.5,26.12
1865,FEGAN ST,600,291,30,970,AC,LOC,100,18.4,11.02
433,FIFTH ST,100,514,30,1713.333333,AC,LOC,0,67.2,86.9
441,FIFTH ST,200,522,30,1740,AC,LOC,74.1,71,86.9
448,FIFTH ST,300,437,30,1456.666667,AC,LOC,100,74.1,86.9
1850,FIFTH ST,200,480,30,1600,AC,LOC,100,20.9,13.52
1851,FIFTH ST,300,489,30,1630,AC,LOC,0,18.6,11.22
1852,FIFTH ST,400,467,30,1556.666667,AC,LOC,11.1,17.6,10.22
1853,FIFTH ST,500,168,30,560,AC,LOC,0,15.1,7.72
1864,FIFTH ST,500,457,30,1523.333333,AC,LOC,77.4,21.6,14.22
1866,FIFTH ST,600,289,30,963.3333333,AC,LOC,100,2.1,0
2611,FIFTH ST,100,616,30,2053.333333,AC,LOC,100,34.2,26.82
25,FIRST ST,100,525,35,2041.666667,AC,COL,100,78,86.21
26,FIRST ST,200,512,35,1991.111111,AC,COL,100,80.3,86.21
31,FIRST ST,300,419,35,1629.444444,AC,COL,100,83.1,86.21
32,FIRST ST,300,270,35,1050,AC,COL,30.2,79.6,86.21
1512,FIRST ST,100,603,35,2345,AC,COL,100,71.6,95.59
1519,FIRST ST,200,486,35,1890,AC,COL,100,65.2,92.32
1520,FIRST ST,300,442,35,1718.888889,AC,COL,100,64.3,92.32
1524,FIRST ST,400,649,35,2523.888889,AC,COL,31.3,72.5,57.15
1525,FIRST ST,500,239,35,929.4444444,AC,COL,0,76.9,61.09
1538,FIRST ST,600,455,35,1769.444444,AC,COL,0,73.8,58.22
1543,FIRST ST,700,470,35,1827.777778,AC,COL,63.8,78.4,62.59
1558,FIRST ST,800,468,35,1820,AC,COL,100,85.1,69.62
1561,FIRST ST,900,646,35,2512.222222,AC,COL,57.1,48.6,36.07
1562,FIRST ST,1000,1330,35,5172.222222,AC,COL,10,70.3,55.18
2182,FOOT HILLS DR,0,1332,30,4440,AC,LOC,100,94.8,88.77
2196,FOOT HILLS DR,0,576,30,1920,AC,LOC,100,95.3,89.27
2197,FOOT HILLS DR,0,405,30,1350,AC,LOC,100,85,70.76
2200,FOOT HILLS DR,0,228,30,760,AC,LOC,100,72.3,58.96
2201,FOOT HILLS DR,0,400,30,1333.333333,AC,LOC,100,91.3,85.27
2203,FOOT HILLS DR,0,776,30,2586.666667,AC,LOC,100,95.2,89.17
2009,FOREST GLEN CT,100,828,25,2300,AC,RUR,0,89,80.41
2007,FOREST GLEN LN,1900,616,25,1711.111111,AC,RUR,0,86.7,75.55
2008,FOREST GLEN LN,1900,1178,25,3272.222222,AC,RUR,0,72,58.66
2229,FOREST PARK DR,1000,961,30,3203.333333,AC,LOC,100,92.1,86.07
2230,FOREST PARK DR,0,289,30,963.3333333,AC,LOC,100,87.6,77.73
2232,FOREST PARK DR,1100,817,30,2723.333333,AC,LOC,100,90.9,84.87
2233,FOREST PARK DR,1100,829,30,2763.333333,AC,LOC,100,89.8,82.49
2236,FOREST PARK DR,1200,924,30,3080,AC,LOC,100,91.5,85.47
2222,FORREST PARK DR,1100,159,30,530,AC,LOC,100,92.8,86.77
2223,FORREST PARK DR,1200,475,30,1583.333333,AC,LOC,100,89.4,82.09
1775,FOSSIL HILL RD,0,665,25,1847.222222,AC,RUR,0,46.6,35.82
2607,FOSSIL HILL RD,0,536,25,1488.888889,AC,RUR,0,37.1,29.72
1234,FOSTER LN,1300,431,40,1915.555556,AC,ART,100,30.1,95.48
1235,FOSTER LN,900,932,40,4142.222222,AC,ART,100,75.4,96.08
1236,FOSTER LN,1100,311,40,1382.222222,AC,ART,100,65.4,95.78
1237,FOSTER LN,1200,268,40,1191.111111,AC,ART,100,67.5,95.78
1238,FOSTER LN,1200,236,40,1048.888889,AC,ART,100,72.7,96.08
1239,FOSTER LN,1200,281,40,1248.888889,AC,ART,100,45.7,94.88
1240,FOSTER LN,1300,344,40,1528.888889,AC,ART,100,15.4,96.08
2184,FOUR TREES DR,3600,767,30,2556.666667,AC,LOC,100,89.6,82.29
2186,FOUR TREES DR,3600,380,30,1266.666667,AC,LOC,100,94.5,88.47
2187,FOUR TREES DR,3500,358,30,1193.333333,AC,LOC,100,92.2,86.17
2188,FOUR TREES DR,3500,788,30,2626.666667,AC,LOC,100,93.5,87.47
2191,FOUR TREES DR,3400,667,30,2223.333333,AC,LOC,100,89.9,82.59
2202,FOUR TREES DR,0,187,30,623.3333333,AC,LOC,100,75.2,61.26
1854,FOURTH ST,100,611,40,2715.555556,AC,ART,91.8,61.6,43.76
1855,FOURTH ST,200,479,40,2128.888889,AC,ART,100,62.2,44.36
1856,FOURTH ST,300,487,40,2164.444444,AC,ART,79.5,61.6,43.76
1857,FOURTH ST,400,314,40,1395.555556,AC,ART,100,90.4,77.12
1858,FOURTH ST,0,164,40,728.8888889,AC,ART,100,57.1,39.26
1859,FOURTH ST,500,359,40,1595.555556,AC,ART,100,56.5,38.66
1860,FOURTH ST,500,110,40,488.8888889,AC,ART,100,62.2,44.36
1861,FOURTH ST,600,304,40,1351.111111,AC,ART,100,26.3,15.58
1862,FOURTH ST,700,610,40,2711.111111,AC,ART,100,29.5,18.78
112,FRANKLIN ST,0,1215,35,4725,AC,COL,0,88.9,91.26
113,FRANKLIN ST,900,478,35,1858.888889,AC,COL,100,82.9,86.76
437,FRANKLIN ST,1000,476,35,1851.111111,AC,COL,100,84.1,88.76
438,FRANKLIN ST,1100,478,35,1858.888889,AC,COL,100,77.9,86.76
439,FRANKLIN ST,1200,474,35,1843.333333,AC,COL,100,79.4,85.76
440,FRANKLIN ST,1300,503,35,1956.111111,AC,COL,76.9,77.9,85.98
449,FRANKLIN ST,1400,466,35,1812.222222,AC,COL,0,73.9,97.71
453,FRANKLIN ST,1500,475,35,1847.222222,AC,COL,0,77.5,97.71
454,FRANKLIN ST,1600,503,35,1956.111111,AC,COL,77.4,76,60.42
1490,FRONT ST,500,476,35,1851.111111,AC,COL,100,94.7,87.32
1492,FRONT ST,400,623,35,2422.777778,AC,COL,100,93.8,86.42
1498,FRONT ST,300,597,35,2321.666667,AC,COL,100,91.5,84.12
1499,FRONT ST,200,342,35,1330,AC,COL,100,87.3,74.52
1504,FRONT ST,100,607,35,2360.555556,AC,COL,100,65.5,97.71
2918,FRONT ST,0,1431,35,5565,AC,COL,100,91.9,84.52
508,GARNER RD,100,690,35,2683.333333,AC,COL,57.5,80.7,64.66
509,GARNER RD,300,615,35,2391.666667,AC,COL,100,61.5,46.93
510,GARNER RD,400,465,35,1808.333333,AC,COL,71.5,55.7,41.13
512,GARNER RD,500,583,35,2267.222222,AC,COL,60.1,44.6,34.11
679,GARNER RD,0,242,35,941.1111111,AC,COL,0,60.5,45.93
570,GLENN DR,400,777,30,2590,AC,LOC,100,91.6,85.57
572,GLENN DR,300,114,30,380,AC,LOC,100,34.6,27.22
688,GLORYLAND RD,200,501,30,1670,AC,LOC,0,72.5,59.16
567,GOLF VIEW CIR,100,305,30,1016.666667,AC,LOC,100,35.1,27.72
1884,GRACE ST,1200,552,30,1840,AC,LOC,82,80.4,66.16
1922,GRANT DR,100,1899,25,5275,AC,RUR,0,88.95,80.36
1923,GRANT DR,100,383,25,1063.888889,AC,RUR,0,84.4,70.16
1925,GRANT DR,0,119,25,330.5555556,AC,RUR,0,83,68.76
1214,GUINEVERE CT,100,198,30,660,AC,LOC,100,45.6,35.59
1215,GUINEVERE DR,100,272,30,906.6666667,AC,LOC,100,53.2,40.88
1217,GUINEVERE DR,100,531,30,1770,AC,LOC,100,59.9,47.58
1664,GUINEVERE DR,100,267,30,890,AC,LOC,100,66.1,53.36
1668,GUINEVERE DR,200,598,30,1993.333333,AC,LOC,100,74,60.36
1669,GUINEVERE DR,200,293,30,976.6666667,AC,LOC,100,70.3,57.26
683,HALL ST,100,258,30,860,AC,LOC,0,41.9,33.43
684,HALL ST,100,295,30,983.3333333,AC,LOC,0,77.4,63.16
2858,HANNAH CT,100,489,30,1630,AC,LOC,59.7,87.7,77.83
114,HANOVER ST,800,468,30,1560,AC,LOC,100,86.8,75.65
115,HANOVER ST,900,480,30,1600,AC,LOC,100,46.25,36.24
425,HANOVER ST,1000,476,30,1586.666667,AC,LOC,60.8,30.6,23.22
426,HANOVER ST,1100,482,30,1606.666667,AC,LOC,100,15.6,8.22
427,HANOVER ST,1200,479,30,1596.666667,AC,LOC,100,9.3,1.92
428,HANOVER ST,1300,493,30,1643.333333,AC,LOC,100,0,0
429,HANOVER ST,1400,483,30,1610,AC,LOC,82.2,0,0
430,HANOVER ST,1500,446,30,1486.666667,AC,LOC,0,0,0
93,HARCOURT ST,200,353,30,1176.666667,AC,LOC,0,62.3,49.98
94,HARCOURT ST,300,553,30,1843.333333,AC,LOC,69.8,16.7,9.32
95,HARCOURT ST,400,341,30,1136.666667,AC,LOC,89.1,27.4,20.02
96,HARCOURT ST,500,556,30,1853.333333,AC,LOC,100,21.6,14.22
670,HARCOURT ST,600,445,30,1483.333333,AC,LOC,45.8,43.1,33.86
100,HARMON ST,400,443,30,1476.666667,AC,LOC,100,29,21.62
156,HARMON ST,300,408,30,1360,AC,LOC,100,37.6,30.22
167,HARMON ST,500,430,30,1433.333333,AC,LOC,100,36.4,29.02
484,HARMON ST,200,334,30,1113.333333,AC,LOC,100,48.25,37.47
485,HARMON ST,100,432,30,1440,AC,LOC,100,44.4,35.16
486,HARMON ST,200,274,30,913.3333333,AC,LOC,100,47,36.22
1415,HEATHER CT,900,520,30,1733.333333,AC,LOC,100,78.1,63.86
1614,HENRY LN,100,799,30,2663.333333,AC,LOC,49.4,85.3,71.59
1478,HENSON CT,100,196,30,653.3333333,AC,LOC,100,65,52.68
1615,HICKORY LN,100,387,30,1290,AC,LOC,0,64.4,86.75
1617,HICKORY LN,200,461,30,1536.666667,AC,LOC,17.7,51.5,86.75
1620,HICKORY LN,0,323,30,1076.666667,AC,LOC,100,22.8,86.75
2255,HIDDEN ARCES LN,200,1098,25,3050,AC,RUR,0,80.1,65.86
1765,HIGHLAKE DR,2200,412,25,1144.444444,AC,RUR,0,64.2,51.88
1774,HIGHLAKE DR,2200,374,25,1038.888889,AC,RUR,0,81.5,74.85
1763,HIGHLAKE LN,1500,1265,25,3513.888889,AC,RUR,0,80.4,66.16
1764,HIGHLAKE LN,1600,636,25,1766.666667,AC,RUR,0,85.4,72.97
1776,HIGHLAKE LN,1400,953,25,2647.222222,AC,RUR,0,64.5,52.18
582,HILL DR,200,550,30,1833.333333,AC,LOC,100,33.6,26.22
585,HILL DR,100,604,30,2013.333333,AC,LOC,100,60.1,47.78
1275,HILLTOP DR,500,422,30,1406.666667,AC,LOC,100,87.1,75.95
1276,HILLTOP DR,600,410,30,1366.666667,AC,LOC,100,84.7,70.46
1305,HILLTOP DR,600,358,30,1193.333333,AC,LOC,100,39.5,32.12
1306,HILLTOP DR,700,586,30,1953.333333,AC,LOC,100,29,21.62
1307,HILLTOP DR,800,382,30,1273.333333,AC,LOC,100,38,30.62
1308,HILLTOP DR,800,297,30,990,AC,LOC,100,39.1,31.72
1309,HILLTOP DR,800,546,30,1820,AC,LOC,100,38.4,31.02
3020,HILLTOP DR,900,642,35,2496.666667,AC,COL,100,79,62.96
3022,HILLTOP DR,900,400,35,1555.555556,PC,COL,100,85.7,75.54
2012,HILLVIEW CT,2300,803,25,2230.555556,AC,RUR,0,86.7,75.55
85,HOBSON ST,200,353,30,1176.666667,AC,LOC,100,82.3,68.06
86,HOBSON ST,300,555,30,1850,AC,LOC,100,92.8,86.77
87,HOBSON ST,400,345,30,1150,AC,LOC,0,75.9,61.96
88,HOBSON ST,500,547,30,1823.333333,AC,LOC,100,26.4,97.77
1452,HOGLE ST,300,283,30,943.3333333,AC,LOC,100,20.6,13.22
1453,HOGLE ST,100,493,30,1643.333333,AC,LOC,100,89.8,82.49
1454,HOGLE ST,100,281,30,936.6666667,AC,LOC,100,80.6,66.36
1484,HOGLE ST,400,324,30,1080,AC,LOC,100,25.7,18.32
1653,HOLLAND LAKE DR,1200,800,35,3111.111111,AC,COL,97.7,85.9,71.77
1654,HOLLAND LAKE DR,1300,277,35,1077.222222,AC,COL,100,94.9,87.52
1687,HOLLAND LAKE DR,0,428,30,1426.666667,AC,LOC,100,74.9,60.96
1688,HOLLAND LAKE DR,1400,1081,35,4203.888889,AC,COL,19.7,69,53.88
1689,HOLLAND LAKE DR,1400,460,35,1788.888889,AC,COL,16.7,72.6,57.25
1694,HOLLAND LAKE DR,1600,1639,30,5463.333333,AC,LOC,70,87.2,76.05
2859,HOLMES LANE,100,344,30,1146.666667,AC,LOC,100,92.7,86.67
3088,HOLMES LANE,100,711,30,2370,AC,LOC,100,93.1,87.07
314,HOUSTON AVE,100,229,30,763.3333333,AC,LOC,100,82.5,68.26
315,HOUSTON AVE,100,353,30,1176.666667,AC,LOC,100,91.6,85.57
316,HOUSTON AVE,200,349,30,1163.333333,AC,LOC,100,86.9,75.75
2889,HUMMINGBIRD DR,0,1032,30,3440,AC,LOC,100,88.7,85.87
2890,HUMMINGBIRD DR,0,131,30,436.6666667,AC,LOC,100,93.3,87.27
1624,INDUSTRIAL ST,200,359,30,1196.666667,AC,LOC,100,39.4,32.02
1625,INDUSTRIAL ST,0,275,30,916.6666667,AC,LOC,100,18.1,10.72
463,JACKSBORO-GRAHAM RD,0,579,35,2251.666667,AC,COL,0,85.6,71.47
464,JACKSBORO-GRAHAM RD,0,659,35,2562.777778,AC,COL,0,90,79.92
465,JACKSBORO-GRAHAM RD,0,542,35,2107.777778,AC,COL,0,87.5,74.72
285,JACKSON ST,200,345,30,1150,AC,LOC,100,20.7,13.32
286,JACKSON ST,300,320,30,1066.666667,AC,LOC,100,74.8,61.16
287,JACKSON ST,300,324,30,1080,AC,LOC,100,76.2,62.26
288,JACKSON ST,400,350,30,1166.666667,AC,LOC,100,85.3,71.59
289,JACKSON ST,500,328,30,1093.333333,AC,LOC,100,72.8,59.16
290,JACKSON ST,600,230,30,766.6666667,AC,LOC,100,67.7,54.96
293,JACKSON ST,700,443,30,1476.666667,AC,LOC,100,27.4,20.02
2097,JAMES ST,0,475,25,1319.444444,AC,RUR,0,73.05,59.41
2098,JAMES ST,0,335,25,930.5555556,AC,RUR,0,61.65,49.33
2101,JAMES ST,0,788,25,2188.888889,AC,RUR,0,45.65,35.64
1447,JAMESON ST,600,551,35,2142.777778,AC,COL,46.1,26.5,18.48
1455,JAMESON ST,700,221,35,859.4444444,AC,COL,66.7,3.7,0
1474,JAMESON ST,800,615,35,2391.666667,AC,COL,35.3,17.8,9.78
1475,JAMESON ST,900,475,40,2111.111111,AC,ART,100,80.5,59.68
1476,JAMESON ST,1000,440,40,1955.555556,AC,ART,100,84.4,63.03
1477,JAMESON ST,0,285,40,1266.666667,AC,ART,100,82.5,61.68
1480,JAMESON ST,1000,272,40,1208.888889,AC,ART,100,80,59.18
1635,JAMESON ST,1100,356,40,1582.222222,AC,ART,100,80.1,59.28
1637,JAMESON ST,1100,271,40,1204.444444,AC,ART,100,52.8,36.07
1641,JAMESON ST,1100,262,40,1164.444444,AC,ART,100,43.5,31.21
1642,JAMESON ST,1100,191,40,848.8888889,AC,ART,100,43.5,31.21
1643,JAMESON ST,1100,263,40,1168.888889,AC,ART,100,40.5,29.32
1644,JAMESON ST,1200,435,40,1933.333333,AC,ART,76.6,75.7,55.98
291,JEFFERSON ST,400,352,30,1173.333333,AC,LOC,100,49.1,37.55
292,JEFFERSON ST,500,328,30,1093.333333,AC,LOC,100,32.7,25.32
3387,JEFFERSON ST,800,485,30,1616.666667,AC,LOC,100,37.9,30.52
1914,JENNIFER CT,100,828,30,2760,PC,LOC,44.4,88.4,83.18
1915,JENNIFER CT,200,728,30,2426.666667,AC,LOC,100,95.8,89.77
3396,JENNIFER CT,0,239,30,796.6666667,AC,LOC,100,91.8,85.77
3397,JENNIFER CT,0,624,30,2080,AC,LOC,100,94.3,88.27
1456,JOHNSON ST,700,286,30,953.3333333,AC,LOC,0,23,15.62
1459,JOHNSON ST,800,547,30,1823.333333,AC,LOC,0,49,37.45
1473,JOHNSON ST,1000,450,30,1500,AC,LOC,0,58.3,45.98
1413,JONATHON CT,900,493,30,1643.333333,AC,LOC,100,88,78.13
197,JOSEPHINE ST,200,351,30,1170,AC,LOC,100,21.9,14.52
198,JOSEPHINE ST,300,350,30,1166.666667,AC,LOC,100,23.1,15.72
199,JOSEPHINE ST,300,284,30,946.6666667,AC,LOC,100,13.8,6.42
200,JOSEPHINE ST,400,448,30,1493.333333,AC,LOC,100,30,22.62
201,JOSEPHINE ST,500,450,30,1500,AC,LOC,100,67.7,54.96
202,JOSEPHINE ST,600,338,30,1126.666667,AC,LOC,100,79.6,65.36
311,JOSEPHINE ST,100,580,30,1933.333333,AC,LOC,99.4,31.2,23.82
1356,JOSEPHINE ST,400,702,30,2340,AC,LOC,100,19.4,12.02
1360,JOSEPHINE ST,300,439,30,1463.333333,AC,LOC,100,11.1,3.72
1361,JOSEPHINE ST,200,552,30,1840,AC,LOC,100,20.1,12.72
1362,JOSEPHINE ST,100,565,30,1883.333333,AC,LOC,82.4,39.5,32.12
2109,JOYCE CT,900,162,30,540,AC,LOC,100,83.3,69.06
526,JULIE ST,1200,948,30,3160,AC,LOC,100,30.3,22.92
532,JULIE ST,1300,155,30,516.6666667,AC,LOC,100,17,9.62
538,JULIE ST,1100,546,30,1820,AC,LOC,100,20.3,12.92
3324,JUNIPER TR,0,169,30,563.3333333,AC,LOC,0,73.5,59.86
691,KAREN ST,100,756,30,2520,AC,LOC,46.9,42.3,33.83
2852,KARI LINDA CT,100,360,30,1200,AC,LOC,100,85.5,73.07
686,KATHEY ST,200,274,30,913.3333333,AC,LOC,52.8,32.45,25.07
689,KATHEY ST,100,621,30,2070,AC,LOC,32.8,77.2,62.96
535,KAY ST,1200,947,30,3156.666667,AC,LOC,89.5,42.6,34.13
539,KAY ST,1100,545,30,1816.666667,AC,LOC,100,34.2,26.82
219,KEECHI ST,1100,565,30,1883.333333,AC,LOC,100,46.7,35.92
220,KEECHI ST,1200,555,30,1850,AC,LOC,81.1,44.1,34.86
305,KEECHI ST,1000,741,30,2470,AC,LOC,100,49.3,37.75
1667,KENSHIRE CT,100,364,30,1213.333333,AC,LOC,100,43.9,34.66
1661,KING ARTHUR CT,100,199,35,773.8888889,AC,COL,94,54.45,39.88
1662,KING ARTHUR CT,100,781,30,2603.333333,AC,LOC,100,81.3,67.06
1663,KING ARTHUR CT,100,351,35,1365,AC,COL,100,48.2,35.67
1674,KING ARTHUR CT,200,163,35,633.8888889,AC,COL,50,67.55,52.66
1679,KING ARTHUR CT,300,619,35,2407.222222,AC,COL,100,45.7,34.19
1673,KING ARTHUR DR,100,119,35,462.7777778,AC,COL,100,3.25,0
1675,KING ARTHUR DR,200,283,35,1100.555556,AC,COL,100,41.95,32.48
1677,KING ARTHUR DR,200,284,35,1104.444444,AC,COL,100,37.5,29.48
1541,KING ST,900,472,30,1573.333333,AC,LOC,0,82.4,68.16
1849,KING ST,1400,277,30,923.3333333,AC,LOC,100,82.4,68.16
1867,KING ST,1300,318,30,1060,AC,LOC,100,32.4,25.02
1868,KING ST,1400,315,30,1050,AC,LOC,100,40.2,32.5
1879,KING ST,1100,407,30,1356.666667,AC,LOC,29.7,16.7,9.32
1882,KING ST,1000,498,30,1660,AC,LOC,0,73,59.36
1650,LA COLINA,100,1738,25,4827.777778,AC,RUR,0,49.95,38.4
2001,LAKE COUNTRY DR,2200,763,25,2119.444444,AC,RUR,38.5,37.3,29.92
2000,LAKE COUNTRY RD,2200,624,25,1733.333333,AC,RUR,0,41.1,32.63
2002,LAKE COUNTRY RD,2200,145,25,402.7777778,AC,RUR,0,51.1,38.78
2163,LAKE DR,1700,765,35,2975,AC,COL,100,86,71.87
2164,LAKE DR,1800,1166,35,4534.444444,AC,COL,100,57.4,42.83
2165,LAKE DR,1900,1015,35,3947.222222,AC,COL,0,51.3,37.75
2168,LAKE DR,2400,1213,35,4717.222222,AC,COL,0,78.3,62.49
2169,LAKE DR,0,2832,35,11013.33333,AC,COL,0,85.7,71.57
2170,LAKE DR,0,1808,35,7031.111111,AC,COL,0,67,52.11
2171,LAKE DR,1100,4376,35,17017.77778,AC,COL,0,59.4,44.83
2173,LAKE DR,900,443,35,1722.777778,AC,COL,0,69.3,54.18
2174,LAKE DR,900,306,35,1190,AC,COL,0,41.35,31.88
2175,LAKE DR,800,822,35,3196.666667,AC,COL,0,27.9,19.88
2176,LAKE DR,700,1739,35,6762.777778,AC,COL,0,50.1,36.55
2177,LAKE DR,600,1061,35,4126.111111,AC,COL,0,69.8,54.68
2178,LAKE DR,500,1186,35,4612.222222,AC,COL,0,27.85,19.83
2180,LAKE DR,300,890,35,3461.111111,AC,COL,0,47.5,35.99
2183,LAKE DR,200,1702,35,6618.888889,AC,COL,0,37.1,29.08
2216,LAKE DR,100,1086,35,4223.333333,AC,COL,0,88,76.57
2217,LAKE DR,0,606,35,2356.666667,AC,COL,0,89.3,79.22
2218,LAKE DR,100,1776,35,6906.666667,AC,COL,0,81.7,65.66
2513,LAKE DR,0,3235,35,12580.55556,AC,COL,0,40.6,32.15
2514,LAKE DR,900,1021,35,3970.555556,AC,COL,0,68.35,53.46
2515,LAKE DR,1000,625,35,2430.555556,AC,COL,0,80.5,64.46
2516,LAKE DR,1100,677,35,2632.777778,AC,COL,0,36.1,28.08
2517,LAKE DR,1100,432,35,1680,AC,COL,0,48.3,35.77
2518,LAKE DR,1200,243,35,945,AC,COL,0,8.95,0.93
2519,LAKE DR,1300,210,35,816.6666667,AC,COL,0,26.05,18.03
2520,LAKE DR,1200,682,35,2652.222222,AC,COL,0,14.05,6.03
2521,LAKE DR,1300,424,35,1648.888889,AC,COL,0,45.35,34.86
2522,LAKE DR,1500,1125,35,4375,AC,COL,0,51.1,37.55
2523,LAKE DR,1600,774,35,3010,AC,COL,0,61.7,47.13
2562,LAKE DR,600,227,35,882.7777778,AC,COL,0,35.3,27.28
2720,LAKE DR,2100,1990,35,7738.888889,AC,COL,0,53.2,38.63
2722,LAKE DR,0,1927,35,7493.888889,AC,COL,0,38.3,30.28
2793,LAKE DR,0,978,35,3803.333333,AC,COL,0,43.55,33.06
1770,LAKE FOREST DR,2200,611,25,1697.222222,AC,RUR,0,83.9,69.66
2695,LAKE FOREST DR,2200,792,25,2200,AC,RUR,0,85.7,73.27
2261,LAKE HOLLOW DR,200,301,25,836.1111111,AC,RUR,0,22.2,14.82
2262,LAKE HOLLOW DR,0,229,25,636.1111111,AC,RUR,0,17.1,9.72
2263,LAKE HOLLOW DR,200,912,25,2533.333333,AC,RUR,0,21,13.62
2265,LAKE HOLLOW DR,200,584,25,1622.222222,AC,RUR,0,53.1,40.78
2167,LAKE RD,2300,921,35,3581.666667,AC,COL,0,79.6,63.56
1768,LAKE VIEW CT,100,356,25,988.8888889,AC,RUR,0,86.9,75.75
1767,LAKEFOREST CT,100,282,25,783.3333333,AC,RUR,0,78.9,64.66
1773,LAKERIDGE CT,100,162,25,450,AC,RUR,0,54.6,42.28
1771,LAKERIDGE DR,1800,424,25,1177.777778,AC,RUR,0,89.2,81.89
1772,LAKERIDGE DR,1800,443,25,1230.555556,AC,RUR,0,80.7,66.46
1766,LAKEWOOD DR,1800,653,25,1813.888889,AC,RUR,0,67.6,54.86
1769,LAKEWOOD DR,2200,185,25,513.8888889,AC,RUR,0,52.4,40.08
111,LAMAR ST,500,560,30,1866.666667,AC,LOC,0,37.2,29.82
124,LAMAR ST,100,578,30,1926.666667,AC,LOC,100,81.2,85.1
271,LAMAR ST,100,577,35,2243.888889,PC,COL,100,75.7,64.02
272,LAMAR ST,200,346,35,1345.555556,AC,COL,100,93.7,86.32
273,LAMAR ST,300,317,35,1232.777778,AC,COL,100,95,87.62
274,LAMAR ST,300,326,35,1267.777778,AC,COL,100,89.3,79.22
275,LAMAR ST,400,349,35,1357.222222,AC,COL,100,75.5,59.92
276,LAMAR ST,500,326,35,1267.777778,AC,COL,100,82.2,66.16
277,LAMAR ST,600,234,35,910,AC,COL,100,81.9,65.86
278,LAMAR ST,700,445,35,1730.555556,AC,COL,100,64.9,50.33
341,LAMAR ST,800,441,35,1715,AC,COL,100,81.4,65.36
397,LAMAR ST,900,514,35,1998.888889,AC,COL,100,46.9,35.39
578,LAMAR ST,1300,324,35,1260,AC,COL,100,73,57.65
579,LAMAR ST,1300,585,35,2275,AC,COL,100,69.9,54.78
583,LAMAR ST,1200,605,35,2352.777778,AC,COL,100,63,48.43
584,LAMAR ST,1200,229,35,890.5555556,AC,COL,100,76.8,60.99
589,LAMAR ST,1300,177,35,688.3333333,AC,COL,100,63.9,49.33
590,LAMAR ST,1300,258,35,1003.333333,AC,COL,100,41.4,31.93
599,LAMAR ST,0,1175,35,4569.444444,AC,COL,100,80.1,64.06
1676,LANCELOT DR,200,740,30,2466.666667,AC,LOC,100,84.4,70.16
1896,LAURA DR,1800,743,30,2476.666667,AC,LOC,100,89,80.41
203,LEE AVE,200,349,35,1357.222222,AC,COL,100,19.1,86.83
204,LEE AVE,300,351,35,1365,AC,COL,100,19.85,86.83
205,LEE AVE,300,285,35,1108.333333,AC,COL,100,5.65,86.83
206,LEE AVE,400,446,35,1734.444444,AC,COL,100,5.7,87.83
207,LEE AVE,500,451,30,1503.333333,AC,LOC,100,0,86.1
208,LEE AVE,600,337,30,1123.333333,AC,LOC,100,6.9,86.1
209,LEE AVE,700,283,30,943.3333333,AC,LOC,100,44.4,86.1
321,LEE AVE,100,580,35,2255.555556,AC,COL,100,33.4,87.83
1357,LEE ST,400,844,35,3282.222222,AC,COL,100,43.6,86.01
1358,LEE ST,300,633,35,2461.666667,AC,COL,100,62.3,85.01
1359,LEE ST,200,352,35,1368.888889,AC,COL,100,25.3,85.01
1366,LEE ST,100,223,35,867.2222222,AC,COL,100,43.65,86.01
1367,LEE ST,100,348,35,1353.333333,AC,COL,100,33.05,86.01
450,LEXINGTON ST,1400,447,30,1490,AC,LOC,100,74,60.36
456,LEXINGTON ST,1500,479,30,1596.666667,AC,LOC,100,74.4,60.76
1526,LIBERTY ST,800,237,30,790,AC,LOC,100,41.7,33.23
1527,LIBERTY ST,900,485,30,1616.666667,AC,LOC,100,50.1,38.55
1533,LIBERTY ST,700,185,30,616.6666667,AC,LOC,100,19.7,12.32
1534,LIBERTY ST,700,250,30,833.3333333,AC,LOC,100,32.9,25.52
1830,LIBERTY ST,1300,479,30,1596.666667,AC,LOC,58.6,76.4,62.46
1831,LIBERTY ST,1400,477,30,1590,AC,LOC,0,71,57.66
1883,LIBERTY ST,1200,550,30,1833.333333,AC,LOC,100,57.5,45.18
3368,LIBERTY ST,1600,462,30,1540,AC,LOC,0,90.3,84.27
3297,LINDENTREE DR,1900,449,30,1496.666667,AC,LOC,100,92.7,86.67
3298,LINDENTREE DR,2000,669,30,2230,AC,LOC,100,94.6,88.57
1471,LINE ST,100,323,30,1076.666667,AC,LOC,0,36.5,29.12
1472,LINE ST,100,364,30,1213.333333,AC,LOC,73.9,35,27.62
1571,LINE ST,100,436,30,1453.333333,AC,LOC,100,29.1,21.72
1573,LINE ST,200,643,30,2143.333333,AC,LOC,15.6,81.4,67.16
1326,LINK ST,1200,309,30,1030,AC,LOC,100,34.4,27.02
571,LIVE OAK LN,400,1163,30,3876.666667,AC,LOC,100,40.4,97.77
575,LIVE OAK LN,300,836,30,2786.666667,AC,LOC,100,28.85,97.77
581,LIVE OAK LN,200,833,30,2776.666667,AC,LOC,100,41.45,97.77
586,LIVE OAK LN,100,372,30,1240,AC,LOC,100,15.05,97.58
1682,LOCHNESS CR,100,409,30,1363.333333,AC,LOC,100,26.35,18.97
1757,LOCKWOOD LN,0,324,30,1080,AC,LOC,100,91.9,85.87
3260,LOCKWOOD LN,0,1824,30,6080,AC,LOC,72.6,93.4,87.37
617,LOGNHORN DR,0,736,30,2453.333333,AC,LOC,86.3,55.3,85.1
682,LORA LN,100,595,30,1983.333333,AC,LOC,0,21.7,14.32
3370,LORRIE LN,2100,613,30,2043.333333,AC,LOC,100,86,73.57
3371,LORRIE LN,2200,673,30,2243.333333,AC,LOC,100,84.3,70.06
230,LOVE ST,300,349,30,1163.333333,AC,LOC,45,0,90.1
232,LOVE ST,500,235,30,783.3333333,AC,LOC,100,46.9,36.12
233,LOVE ST,500,131,30,436.6666667,AC,LOC,100,91,84.97
347,LOVE ST,400,342,30,1140,AC,LOC,100,93,86.97
349,LOVE ST,300,343,30,1143.333333,AC,LOC,0,0,90.1
354,LOVE ST,200,351,30,1170,AC,LOC,0,13.4,90.1
1250,LYNN ST,1000,273,30,910,AC,LOC,100,71.9,58.56
1260,LYNN ST,1300,187,30,623.3333333,PC,LOC,100,10.65,5.13
3363,LYNN ST,1200,506,30,1686.666667,PC,LOC,100,17.55,12.03
3366,LYNN ST,1000,281,30,936.6666667,AC,LOC,100,38.3,30.92
3367,LYNN ST,1100,450,30,1500,AC,LOC,100,35.8,28.42
1833,MADISON ST,1300,464,30,1546.666667,AC,LOC,79.5,75.95,62.01
1834,MADISON ST,1400,474,30,1580,AC,LOC,61.6,75.65,61.71
1835,MADISON ST,1500,502,30,1673.333333,AC,LOC,100,78.05,63.81
1836,MADISON ST,1600,471,30,1570,AC,LOC,0,72.9,59.26
3079,MAGNOLIA DR,900,144,30,480,AC,LOC,100,78.6,64.36
3081,MAGNOLIA DR,800,301,30,1003.333333,AC,LOC,100,94.9,88.87
3082,MAGNOLIA DR,800,151,30,503.3333333,AC,LOC,100,87.9,78.03
3083,MAGNOLIA DR,800,301,30,1003.333333,AC,LOC,100,94.8,88.77
1626,MAJORS ST,100,482,30,1606.666667,AC,LOC,100,36.6,29.22
1993,MAPLEWOOD DR,2100,363,30,1210,AC,LOC,100,93.9,87.87
1994,MAPLEWOOD DR,2000,413,30,1376.666667,AC,LOC,100,96.3,90.27
1995,MAPLEWOOD DR,2000,315,30,1050,AC,LOC,100,93.2,87.17
1996,MAPLEWOOD DR,1900,953,30,3176.666667,AC,LOC,100,93.4,87.37
2181,MARINA VIEW,100,903,25,2508.333333,AC,RUR,0,45.2,35.19
1423,MARTIN DR,1700,2070,40,9200,AC,ART,100,96.3,86.68
1424,MARTIN DR,0,917,40,4075.555556,AC,ART,100,93.6,83.98
1425,MARTIN DR,0,366,40,1626.666667,AC,ART,100,79,58.73
2853,MASON POND DR,2000,255,30,850,AC,LOC,100,93.7,87.67
2919,MASON POND DR,2000,575,30,1916.666667,AC,LOC,100,94.5,88.47
2920,MASON POND DR,2000,542,30,1806.666667,AC,LOC,100,90.7,84.67
342,MCCARTY ST,400,463,30,1543.333333,AC,LOC,65.2,26.9,19.52
2228,MEADOW LARK LN,1000,531,30,1770,AC,LOC,100,86.7,75.55
2306,MEADOW LARK LN,0,472,30,1573.333333,AC,LOC,100,88.5,79.91
2122,MEADOWVIEW DR,0,1084,40,4817.777778,AC,ART,0,33.15,22.43
2124,MEADOWVIEW DR,0,884,40,3928.888889,AC,ART,0,24.45,13.73
2727,MEADOWVIEW DR,0,721,40,3204.444444,AC,ART,6.9,46.65,33.25
2864,MEADOWVIEW DR,0,334,40,1484.444444,AC,ART,0,37.1,26.38
2865,MEADOWVIEW DR,0,933,40,4146.666667,AC,ART,0,43.35,31.06
1672,MERLIN DR,200,790,30,2633.333333,AC,LOC,87.1,90.2,84.17
38,MERRIMAC ST,600,444,30,1480,AC,LOC,22.7,74.6,60.96
89,MERRIMAC ST,200,353,30,1176.666667,AC,LOC,100,39,31.62
90,MERRIMAC ST,300,554,30,1846.666667,AC,LOC,100,71.65,58.31
91,MERRIMAC ST,400,344,30,1146.666667,AC,LOC,0,39.35,31.97
92,MERRIMAC ST,500,551,30,1836.666667,AC,LOC,82.1,32.8,25.42
125,MERRIMAC ST,100,652,30,2173.333333,AC,LOC,100,39,31.62
862,MERRIMAC ST,200,252,30,840,AC,LOC,0,5.7,0
1076,MERRITT LN,1300,615,25,1708.333333,AC,RUR,0,75.4,61.46
1598,MESA ST,100,146,30,486.6666667,AC,LOC,100,92.6,86.57
1599,MESA ST,0,210,30,700,AC,LOC,100,86.3,73.87
2708,MESA ST,100,771,30,2570,AC,LOC,26.3,71.4,58.06
1638,MESQUITE ST,200,495,30,1650,AC,LOC,0,63.4,51.08
2220,MIKUS RD,0,522,35,2030,AC,COL,0,86.35,72.22
2221,MIKUS RD,0,1058,35,4114.444444,AC,COL,0,84.55,68.51
2512,MIKUS RD,0,1114,25,3094.444444,AC,RUR,0,58.9,46.58
2837,MIKUS RD,0,1019,35,3962.777778,AC,COL,0,91,82.27
2020,MILL CREEK,100,498,30,1660,AC,LOC,26.8,46.75,35.97
1304,MILL ST,0,147,30,490,AC,LOC,100,13.6,6.22
1322,MILL ST,0,308,30,1026.666667,AC,LOC,100,33.9,26.52
1323,MILL ST,1200,345,30,1150,AC,LOC,100,13.2,5.82
1324,MILL ST,1200,429,30,1430,AC,LOC,71.3,10.9,3.52
1379,MILL ST,200,298,30,993.3333333,AC,LOC,0,0,0
1446,MILL ST,100,1081,35,4203.888889,AC,COL,29.8,40.5,32.05
1448,MILL ST,200,466,35,1812.222222,AC,COL,21.3,21.1,13.08
1449,MILL ST,300,279,35,1085,AC,COL,100,12.1,4.08
1487,MILL ST,400,365,35,1419.444444,AC,COL,100,11.7,3.68
1489,MILL ST,500,693,30,2310,AC,LOC,0,17,9.62
1545,MILL ST,700,498,30,1660,AC,LOC,57.7,62.9,50.58
1549,MILL ST,600,452,30,1506.666667,AC,LOC,33.3,22.1,14.72
1629,MIMOSA ST,100,486,30,1620,AC,LOC,100,13.85,6.47
1630,MIMOSA ST,100,89,30,296.6666667,AC,LOC,100,29.15,21.77
3100,MINEOLA ST,1200,391,30,1303.333333,AC,LOC,0,12.7,5.32
3103,MINEOLA ST,1200,299,30,996.6666667,AC,LOC,0,31,23.62
3106,MINEOLA ST,1200,565,30,1883.333333,AC,LOC,51.4,51.7,39.38
2105,MITCHELL BLVD,200,717,30,2390,AC,LOC,100,51.9,39.58
2106,MITCHELL BLVD,0,157,30,523.3333333,AC,LOC,100,38.15,30.77
2116,MITCHELL BLVD,300,513,30,1710,AC,LOC,100,71.4,58.06
2861,MITCHELL BLVD,400,290,30,966.6666667,AC,LOC,100,67.1,54.36
2117,MITHCELL BLVD,400,292,30,973.3333333,AC,LOC,100,67.65,54.91
551,MOCKINGBIRD LN,500,211,35,820.5555556,AC,COL,100,62.5,47.93
552,MOCKINGBIRD LN,500,449,35,1746.111111,AC,COL,100,86.1,71.97
555,MOCKINGBIRD LN,600,408,30,1360,AC,LOC,49,28.2,20.82
563,MOCKINGBIRD LN,400,312,35,1213.333333,AC,COL,100,89.7,79.62
564,MOCKINGBIRD LN,300,640,35,2488.888889,AC,COL,100,86.5,72.37
566,MOCKINGBIRD LN,200,356,35,1384.444444,AC,COL,100,85.2,69.72
568,MOCKINGBIRD LN,100,533,35,2072.777778,AC,COL,100,81.5,65.46
580,MOSLEY DR,0,333,30,1110,AC,LOC,93.8,24.8,17.42
1546,NARROW ST,600,414,30,1380,AC,LOC,76,0,0
1547,NARROW ST,500,159,30,530,AC,LOC,60,0,0
1550,NARROW ST,700,604,30,2013.333333,AC,LOC,51.9,13.2,5.82
1554,NARROW ST,800,457,30,1523.333333,AC,LOC,0,29,21.62
338,NAVAHO ST,1200,1084,30,3613.333333,AC,LOC,100,53.6,41.28
380,NEWPORT RD,1400,2530,35,9838.888889,AC,COL,0,56.4,41.83
523,NEWPORT RD,1800,1899,25,5275,AC,RUR,0,30.8,23.42
708,NEWPORT RD,1500,210,35,816.6666667,AC,COL,0,69.85,54.73
709,NEWPORT RD,1600,228,35,886.6666667,AC,COL,0,66.95,52.06
710,NEWPORT RD,1700,240,35,933.3333333,AC,COL,0,38.7,30.68
1302,NOLINK TO GIS,0,286,30,953.3333333,AC,LOC,100,49.3,37.75
1803,NOLINK TO GIS,0,173,30,576.6666667,AC,LOC,100,73.9,60.26
2296,NOLINK TO GIS,0,1096,35,4262.222222,AC,COL,0,87.4,74.62
2304,NOLINK TO GIS,0,582,35,2263.333333,AC,COL,0,28.2,20.18
2688,NOLINK TO GIS,600,350,35,1361.111111,AC,COL,0,79.65,63.61
3101,NOLINK TO GIS,0,281,30,936.6666667,AC,LOC,0,51.2,38.88
3167,NOLINK TO GIS,0,105,30,350,AC,LOC,100,66.2,53.46
3398,NOLINK TO GIS,0,122,25,338.8888889,AC,LOC,100,79.6,65.36
37,NORTH ST,700,651,30,2170,AC,LOC,0,52.7,40.38
151,NORTH ST,600,270,30,900,AC,LOC,0,45.2,35.19
169,NORTH ST,800,452,30,1506.666667,AC,LOC,22.4,60.9,48.58
170,NORTH ST,900,213,30,710,AC,LOC,0,33.6,26.22
171,NORTH ST,1000,260,30,866.6666667,AC,LOC,0,81.5,67.26
187,NORTON ST,400,459,30,1530,AC,LOC,100,6.9,0
188,NORTON ST,500,462,30,1540,AC,LOC,100,0,0
189,NORTON ST,800,459,30,1530,AC,LOC,100,11.8,4.42
190,NORTON ST,900,462,30,1540,AC,LOC,100,42.6,34.13
331,NORTON ST,600,468,30,1560,AC,LOC,100,3.8,0
332,NORTON ST,700,453,30,1510,AC,LOC,100,9.1,1.72
3389,OAK RIDGE DR,700,1263,40,5613.333333,AC,ART,37.6,10.2,5.13
3390,OAK RIDGE DR,0,1506,40,6693.333333,AC,ART,39.9,11.2,97.15
576,OAK RIDGE TER,100,699,30,2330,AC,LOC,100,46.7,35.92
216,OAK ST,200,353,35,1372.777778,AC,COL,100,18.2,10.18
217,OAK ST,300,256,35,995.5555556,AC,COL,100,10.6,2.58
218,OAK ST,400,531,35,2065,AC,COL,100,26.7,18.68
317,OAK ST,100,349,35,1357.222222,AC,COL,100,30.2,22.18
318,OAK ST,100,227,35,882.7777778,AC,COL,93.2,11.75,3.73
326,OAK ST,500,453,35,1761.666667,AC,COL,100,53.5,38.93
327,OAK ST,300,95,35,369.4444444,AC,COL,100,24.9,16.88
328,OAK ST,300,201,35,781.6666667,AC,COL,100,29,20.98
333,OAK ST,600,495,35,1925,AC,COL,90.3,76,60.42
334,OAK ST,700,506,35,1967.777778,AC,COL,91.3,87.6,74.82
335,OAK ST,800,250,35,972.2222222,AC,COL,0,87.1,74.32
336,OAK ST,900,400,35,1555.555556,AC,COL,0,80.3,64.26
353,OAK ST,1100,373,35,1450.555556,AC,COL,52.2,73,57.65
356,OAK ST,1000,301,35,1170.555556,AC,COL,57.7,78.7,62.66
357,OAK ST,1000,488,35,1897.777778,AC,COL,38.6,83.6,67.56
1380,OAK ST,500,607,30,2023.333333,AC,LOC,0,0,0
1381,OAK ST,400,405,30,1350,AC,LOC,0,0,0
1382,OAK ST,300,621,35,2415,AC,COL,100,38.9,30.88
1383,OAK ST,0,107,35,416.1111111,AC,COL,50.8,18.9,10.88
1394,OAK ST,100,354,35,1376.666667,AC,COL,100,27.15,19.13
1395,OAK ST,100,221,35,859.4444444,AC,COL,95,30.3,22.28
1467,OAK ST,800,380,30,1266.666667,AC,LOC,25.9,58.7,46.38
1563,OAK ST,200,351,35,1365,AC,COL,100,35.8,27.78
1570,OAK ST,900,478,30,1593.333333,AC,LOC,100,80.9,66.66
1572,OAK ST,0,177,30,590,AC,LOC,100,79,64.76
662,OAK TREE CIR,1500,691,30,2303.333333,AC,LOC,100,68.45,55.41
657,OAK TREE LN,1100,273,30,910,AC,LOC,100,81.9,67.66
658,OAK TREE LN,1100,147,30,490,AC,LOC,100,59.8,47.48
659,OAK TREE LN,1100,185,30,616.6666667,AC,LOC,100,75.3,61.36
660,OAK TREE LN,1200,86,30,286.6666667,AC,LOC,100,71,57.66
661,OAK TREE LN,1200,274,30,913.3333333,AC,LOC,100,82.15,67.91
497,OAKRIDGE DR,100,653,30,2176.666667,AC,LOC,100,45.2,35.19
498,OAKRIDGE DR,300,73,30,243.3333333,AC,LOC,100,48.3,37.52
499,OAKRIDGE DR,200,419,30,1396.666667,AC,LOC,100,43.9,34.66
500,OAKRIDGE DR,300,252,30,840,AC,LOC,100,46.8,36.02
501,OAKRIDGE DR,0,163,30,543.3333333,AC,LOC,100,24.4,17.02
502,OAKRIDGE DR,0,293,30,976.6666667,AC,LOC,100,68,55.26
1479,OBRIEN CT,100,200,30,666.6666667,AC,LOC,100,64.5,52.18
642,OLD DENNIS RD,0,89,40,395.5555556,AC,ART,0,93.3,83.68
643,OLD DENNIS RD,0,394,40,1751.111111,AC,ART,31.9,78.4,58.13
644,OLD DENNIS RD,2200,996,40,4426.666667,PC,ART,100,87.15,77.65
646,OLD DENNIS RD,2200,501,40,2226.666667,AC,ART,100,90.3,77.02
1645,OLD DICEY RD,1200,278,40,1235.555556,AC,ART,34.9,93.4,83.78
1646,OLD DICEY RD,1300,589,40,2617.777778,AC,ART,0,88.7,73.59
1647,OLD DICEY RD,1400,392,40,1742.222222,AC,ART,0,77.6,57.33
1649,OLD DICEY RD,1600,1125,40,5000,AC,ART,0,15,4.28
1651,OLD DICEY RD,1700,964,40,4284.444444,AC,ART,0,33.1,22.38
2079,OLD DICEY RD,1800,1067,40,4742.222222,AC,ART,0,45.5,32.1
2084,OLD DICEY RD,2000,1242,40,5520,AC,ART,0,47.3,32.79
2085,OLD DICEY RD,1800,860,40,3822.222222,AC,ART,0,53.9,37.17
2086,OLD DICEY RD,2100,569,40,2528.888889,AC,ART,0,48.8,34.29
2087,OLD DICEY RD,2200,808,40,3591.111111,AC,ART,0,40.2,29.02
2088,OLD DICEY RD,2200,789,40,3506.666667,AC,ART,0,24.5,13.78
2856,OLD DICEY RD,2300,582,40,2586.666667,AC,ART,0,19.4,8.68
2857,OLD DICEY RD,2300,514,40,2284.444444,AC,ART,0,32.8,22.08
2869,OLD DICEY RD,1500,420,40,1866.666667,AC,ART,0,31.6,20.88
2870,OLD DICEY RD,1500,344,40,1528.888889,AC,ART,0,25.7,14.98
2112,OLD FOUNDRY RD,2100,616,30,2053.333333,AC,LOC,100,66.4,53.66
2113,OLD FOUNDRY RD,2200,673,30,2243.333333,AC,LOC,100,50,38.45
2115,OLD FOUNDRY RD,2000,291,30,970,AC,LOC,100,71.7,58.36
2118,OLD FOUNDRY RD,0,457,30,1523.333333,AC,LOC,100,43.4,34.16
2276,OLD FOUNDRY RD,0,296,30,986.6666667,AC,LOC,100,89.4,82.09
2728,OLD FOUNDRY RD,2000,288,30,960,AC,LOC,100,94.3,88.27
458,OLIVER ST,1500,520,30,1733.333333,AC,LOC,100,59.7,47.38
459,OLIVER ST,1400,506,30,1686.666667,AC,LOC,100,34.4,27.02
460,OLIVER ST,1300,471,30,1570,AC,LOC,100,27.5,20.12
560,ORIOLE AVE,100,727,30,2423.333333,AC,LOC,96.3,29.5,22.12
562,ORIOLE AVE,100,389,30,1296.666667,AC,LOC,100,32.7,25.32
2102,OTTO DR,0,544,25,1511.111111,AC,RUR,0,32.6,25.22
2103,OTTO DR,100,1275,25,3541.666667,AC,RUR,0,44.55,35.31
1418,OVERTON DR,900,683,30,2276.666667,AC,LOC,100,87.8,77.93
1209,OWENS ST,300,370,30,1233.333333,AC,LOC,100,5.4,0
3338,OWENS ST,0,753,30,2510,AC,LOC,90.5,84.7,70.46
1619,PAMELA ST,1300,540,30,1800,AC,LOC,100,49.3,37.75
385,PARK AVE,100,545,40,2422.222222,AC,ART,100,36.1,25.38
569,PARK AVE,500,389,40,1728.888889,AC,ART,50,62.4,44.56
591,PARK AVE,400,1008,40,4480,AC,ART,95.1,49.8,34.18
595,PARK AVE,300,261,40,1160,AC,ART,100,34.3,23.58
1211,PARK AVE,100,266,40,1182.222222,AC,ART,100,44.3,30.9
1212,PARK AVE,100,317,40,1408.888889,AC,ART,100,55.6,37.76
1213,PARK AVE,200,365,40,1622.222222,AC,ART,100,62.1,44.26
1220,PARK AVE,300,652,40,2897.777778,AC,ART,100,58.1,40.26
1221,PARK AVE,0,146,40,648.8888889,AC,ART,100,41.4,29.11
1222,PARK AVE,400,536,40,2382.222222,AC,ART,100,80.2,59.38
1224,PARK AVE,500,414,40,1840,AC,ART,100,89.4,74.29
1225,PARK AVE,600,239,40,1062.222222,AC,ART,100,93.8,84.18
1226,PARK AVE,700,312,40,1386.666667,AC,ART,100,90.7,77.42
1227,PARK AVE,700,313,40,1391.111111,AC,ART,100,92.5,81.05
1228,PARK AVE,700,320,40,1422.222222,AC,ART,100,95.6,85.98
1229,PARK AVE,800,311,40,1382.222222,AC,ART,100,94.7,85.08
1230,PARK AVE,800,186,40,826.6666667,AC,ART,100,94.3,84.68
1231,PARK AVE,800,309,40,1373.333333,AC,ART,100,83.6,62.23
2729,PARK AVE,300,388,30,1293.333333,AC,LOC,0,77,63.06
3085,PARK AVE,900,2276,40,10115.55556,AC,ART,0,49.5,33.88
3340,PARK AVE,200,446,40,1982.222222,AC,ART,100,43.1,30.81
3341,PARK AVE,300,556,40,2471.111111,AC,ART,100,42.6,30.31
3342,PARK AVE,600,1266,40,5626.666667,AC,ART,0,67.1,48.48
3344,PARK AVE,700,1328,40,5902.222222,AC,ART,0,39.7,28.98
3345,PARK AVE,800,784,40,3484.444444,AC,ART,0,36.6,25.88
596,PARK CT,100,415,30,1383.333333,AC,LOC,0,25.9,18.52
597,PARK CT,200,502,30,1673.333333,AC,LOC,0,31,23.62
1712,PATTI PL,1600,322,30,1073.333333,AC,LOC,100,76.75,62.81
1982,PEBBLEBROOK DR,2200,285,30,950,AC,LOC,100,93.4,87.37
1983,PEBBLEBROOK DR,2200,335,30,1116.666667,AC,LOC,69.4,88.1,78.23
1312,PECAN ST,1300,315,30,1050,AC,LOC,100,77.3,63.06
1313,PECAN ST,1300,710,30,2366.666667,AC,LOC,100,55.5,43.18
1327,PECAN ST,1100,338,30,1126.666667,AC,LOC,100,43.9,34.66
1329,PECAN ST,1200,505,30,1683.333333,AC,LOC,100,40.9,32.43
1582,PECOS DR,300,747,30,2490,AC,LOC,100,91.3,85.27
1631,PINE ST,100,282,30,940,AC,LOC,100,19.95,12.57
1632,PINE ST,100,447,30,1490,AC,LOC,100,2.05,0
1640,PINE ST,200,496,30,1653.333333,AC,LOC,37.5,63.95,51.63
3043,PLEASANT VIEW DR,0,187,30,623.3333333,AC,LOC,100,66.75,54.01
3050,PLEASANT VIEW DR,0,633,30,2110,PC,LOC,100,84,74.12
3052,PLEASANT VIEW DR,0,301,30,1003.333333,PC,LOC,100,86.5,84.05
1800,PLEASANT WOOD CIR,100,203,30,676.6666667,AC,LOC,100,73.2,59.56
480,POGUE BRANCH CT,0,436,30,1453.333333,AC,LOC,100,92.5,86.47
1745,QUAIL RIDGE DR,2200,623,30,2076.666667,AC,LOC,100,93.5,87.47
1746,QUAIL RIDGE DR,2100,839,30,2796.666667,AC,LOC,100,92.4,86.37
404,QUAIL RUN,1800,587,30,1956.666667,AC,LOC,0,81.9,67.66
2195,QUANNAH TR,0,488,30,1626.666667,AC,LOC,100,91.2,85.17
295,RACHEL CT,100,546,30,1820,AC,LOC,100,78.4,64.16
2016,RAIN TREE CT,100,193,30,643.3333333,AC,LOC,100,50.7,38.38
527,RANDY DR,1300,186,30,620,AC,LOC,96.8,31.7,24.32
528,RANDY DR,1300,299,30,996.6666667,AC,LOC,100,29.8,22.42
533,RANDY DR,1400,293,30,976.6666667,AC,LOC,100,32.2,24.82
536,RANDY DR,1400,296,30,986.6666667,AC,LOC,100,32.9,25.52
537,RANDY DR,1500,140,30,466.6666667,AC,LOC,100,33.8,26.42
1895,RAYNA DR,1800,719,30,2396.666667,AC,LOC,100,89,80.41
1707,RED OAK LN,800,687,35,2671.666667,AC,COL,100,86.85,74.07
2602,RED OAK LN,700,1577,35,6132.777778,AC,COL,100,90.3,81.57
3033,REDBUD LN,0,659,30,2196.666667,PC,LOC,100,77.5,67.62
3047,REDBUD LN,0,321,30,1070,PC,LOC,100,75.3,65.42
2703,REMINGTON CR,1600,540,30,1800,AC,LOC,100,86.9,75.75
2704,REMINGTON CR,1700,984,30,3280,AC,LOC,100,88.2,78.33
2705,REMINGTON CR,1600,868,30,2893.333333,AC,LOC,100,91.6,85.57
2706,REMINGTON CR,1700,876,30,2920,AC,LOC,100,90.1,84.07
601,RENTZ PLACE CIR,200,1128,30,3760,AC,LOC,91.4,88.3,79.71
594,RENTZ ST,300,937,30,3123.333333,AC,LOC,48.3,20.5,87.1
602,RENTZ ST,0,293,30,976.6666667,AC,LOC,100,17.5,87.1
603,RENTZ ST,200,360,30,1200,AC,LOC,46.4,18,87.1
605,RENTZ ST,100,150,30,500,AC,LOC,100,14.4,87.1
797,RENTZ ST,0,403,30,1343.333333,AC,LOC,100,27.8,87.1
1241,RENTZ ST,100,261,30,870,AC,LOC,100,85.3,71.59
1242,RENTZ ST,200,100,30,333.3333333,AC,LOC,100,88.6,80.01
1243,RENTZ ST,200,717,30,2390,PC,LOC,100,61.7,55.03
1244,RENTZ ST,300,312,30,1040,PC,LOC,100,62,55.33
1245,RENTZ ST,400,250,30,833.3333333,AC,LOC,100,62,49.68
1246,RENTZ ST,400,151,30,503.3333333,AC,LOC,100,81.1,66.86
1623,RICKEY LN,0,1837,30,6123.333333,AC,LOC,40.8,65.6,53.16
1749,RID0GECREST DR,2100,292,30,973.3333333,AC,LOC,100,87.5,77.63
2212,RIDGE HOLLOW TR,200,598,30,1993.333333,AC,LOC,100,94.3,88.27
2213,RIDGE HOLLOW TR,200,440,30,1466.666667,AC,LOC,100,94.8,88.77
573,RIDGE RD,0,305,30,1016.666667,AC,LOC,100,15,7.62
574,RIDGE RD,200,313,30,1043.333333,AC,LOC,100,21.8,14.42
577,RIDGE RD,100,322,30,1073.333333,AC,LOC,100,24.8,17.42
1751,RIDGECREST DR,2100,321,30,1070,AC,LOC,100,85.9,73.47
322,RIDGEWAY BLVD,100,273,35,1061.666667,AC,COL,0,56.9,42.33
323,RIDGEWAY BLVD,200,349,35,1357.222222,AC,COL,0,75.4,59.82
324,RIDGEWAY BLVD,300,485,35,1886.111111,AC,COL,0,56,41.43
325,RIDGEWAY BLVD,300,427,35,1660.555556,AC,COL,0,79.5,63.46
488,RIDGEWAY BLVD,500,425,35,1652.777778,AC,COL,100,89.5,79.42
489,RIDGEWAY BLVD,0,135,35,525,AC,COL,100,93.7,86.32
491,RIDGEWAY BLVD,800,290,35,1127.777778,AC,COL,100,94,86.62
492,RIDGEWAY BLVD,700,318,35,1236.666667,AC,COL,100,91,82.27
494,RIDGEWAY BLVD,300,267,35,1038.333333,AC,COL,100,79,62.96
3105,RIDGEWAY BLVD,400,323,35,1256.111111,AC,COL,100,89.7,79.62
1585,RIO CT,100,160,30,533.3333333,AC,LOC,100,83.5,69.26
2275,RIVERWOOD DR,2200,404,30,1346.666667,AC,LOC,100,89.8,82.49
2893,ROADRUNNER DR,0,187,30,623.3333333,AC,LOC,100,80.3,66.06
2894,ROADRUNNER DR,0,946,30,3153.333333,AC,LOC,84.5,94,87.97
1414,ROBERTS BEND,1600,350,30,1166.666667,AC,LOC,100,73.7,60.06
1416,ROBERTS BEND,1600,402,30,1340,AC,LOC,100,77.3,63.06
1417,ROBERTS BEND,1600,288,30,960,AC,LOC,100,83.8,69.56
1421,ROBERTS BEND,1700,542,30,1806.666667,AC,LOC,100,85.7,73.27
561,ROBIN AVE,100,448,30,1493.333333,AC,LOC,100,19.2,15.67
1267,RONA ST,1300,427,30,1423.333333,AC,LOC,100,46.2,36.19
1333,ROO RD,0,317,30,1056.666667,AC,LOC,0,43.7,34.85
1334,ROO RD,0,868,30,2893.333333,AC,LOC,100,33.8,26.42
1263,ROSELAWN ST,0,64,30,213.3333333,AC,LOC,100,23.65,16.27
1264,ROSELAWN ST,100,395,30,1316.666667,AC,LOC,100,40.85,32.38
1265,ROSELAWN ST,100,96,30,320,AC,LOC,100,14.5,7.12
1266,ROSELAWN ST,200,362,30,1206.666667,AC,LOC,100,49.3,37.75
1261,RUSK ST,1300,319,30,1063.333333,AC,LOC,100,12.4,5.02
1371,RUSK ST,200,357,30,1190,AC,LOC,100,21.9,14.52
1372,RUSK ST,300,393,30,1310,AC,LOC,100,25.7,18.32
1373,RUSK ST,300,242,30,806.6666667,AC,LOC,100,14.4,7.02
1374,RUSK ST,400,404,30,1346.666667,AC,LOC,100,21.5,14.12
1375,RUSK ST,500,476,30,1586.666667,AC,LOC,100,18.9,11.52
1443,RUSK ST,300,576,30,1920,AC,LOC,100,26.2,18.82
1491,RUSK ST,400,333,30,1110,AC,LOC,100,25.8,18.42
1493,RUSK ST,500,550,35,2138.888889,AC,COL,24.3,48.6,36.07
1494,RUSK ST,600,379,35,1473.888889,AC,COL,0,48.1,35.57
1522,RUSK ST,800,231,35,898.3333333,AC,COL,75,66.5,51.61
1523,RUSK ST,900,496,35,1928.888889,AC,COL,47.6,52,38.45
1529,RUSK ST,700,429,35,1668.333333,AC,COL,49.8,51.5,37.95
1786,RUSK ST,0,400,30,1333.333333,AC,LOC,95.2,7,0
1787,RUSK ST,0,292,30,973.3333333,AC,LOC,68.8,9.6,2.22
1819,RUSK ST,1000,486,35,1890,AC,COL,10.4,38.1,30.08
1820,RUSK ST,1100,445,35,1730.555556,AC,COL,98,35.9,27.88
1821,RUSK ST,1200,540,35,2100,AC,COL,34.5,42.1,32.63
1822,RUSK ST,1300,463,35,1800.555556,AC,COL,73.3,83.5,67.46
1823,RUSK ST,1400,474,35,1843.333333,AC,COL,41.7,91.9,84.52
2152,RUSK ST,1700,384,30,1280,AC,LOC,0,78.4,64.16
3364,RUSK ST,1100,577,30,1923.333333,AC,LOC,100,79.9,65.66
393,RUSSELL ST,100,560,40,2488.888889,AC,ART,80.7,43.1,81.35
607,RUSSELL ST,200,351,40,1560,AC,ART,100,44.6,81.35
608,RUSSELL ST,300,626,40,2782.222222,AC,ART,100,60,81.35
610,RUSSELL ST,0,2299,40,10217.77778,AC,ART,100,89.3,74.19
2996,RUSSELL ST,400,282,40,1253.333333,AC,ART,100,53,81.35
2997,RUSSELL ST,400,175,40,777.7777778,AC,ART,100,63.1,81.35
2252,RUSTIC HARBOR CT,200,402,25,1116.666667,AC,RUR,0,55.4,43.08
2904,SADDLE RIDGE TR,0,198,30,660,PC,LOC,100,77.8,67.92
2905,SADDLE RIDGE TR,0,167,30,556.6666667,PC,LOC,100,87.8,81.72
2907,SADDLE RIDGE TR,0,1385,30,4616.666667,PC,LOC,100,93.1,88.74
2908,SADDLE RIDGE TR,0,328,30,1093.333333,PC,LOC,100,79.8,69.92
2909,SAGE BRUSH DR,0,187,30,623.3333333,PC,LOC,100,85.1,75.58
2911,SAGE BRUSH DR,0,1143,30,3810,PC,LOC,100,86.7,79.76
1750,SAGEWOOD DR,0,321,30,1070,AC,LOC,100,86.7,75.55
1754,SAGEWOOD DR,2100,541,30,1803.333333,AC,LOC,100,90.7,84.67
1755,SAGEWOOD DR,2100,273,30,910,AC,LOC,100,90.7,84.67
3325,SALADO TR,0,978,30,3260,PC,LOC,100,74.3,64.42
3326,SALADO TR,0,471,30,1570,PC,LOC,100,75.7,65.82
3334,SALADO TR,0,290,30,966.6666667,PC,LOC,100,67.6,59.72
3336,SALADO TR,0,681,30,2270,PC,LOC,100,71.9,62.52
2891,SANDPIPER DR,0,190,30,633.3333333,AC,LOC,100,91.3,85.27
2892,SANDPIPER DR,0,969,30,3230,AC,LOC,100,92.5,86.47
1393,SANTA FE DR,100,696,40,3093.333333,AC,ART,0,91.2,77.92
1437,SANTA FE DR,100,309,40,1373.333333,AC,ART,100,39.9,29.18
2978,SANTA FE DR,0,280,40,1244.444444,AC,ART,0,96.3,86.68
2979,SANTA FE DR,0,2214,40,9840,AC,ART,0,95,85.38
2037,SCOTTS MEADOW CT,2300,287,30,956.6666667,AC,LOC,100,92.5,86.47
2038,SCOTTS MEADOW CT,2400,774,30,2580,AC,LOC,100,80.8,66.56
436,SECOND ST,100,514,30,1713.333333,AC,LOC,100,0,86.9
444,SECOND ST,200,517,30,1723.333333,AC,LOC,0,10.3,86.9
445,SECOND ST,300,680,30,2266.666667,AC,LOC,100,10.5,86.9
1880,SECOND ST,700,466,30,1553.333333,AC,LOC,42.9,48.1,37.32
1889,SECOND ST,200,497,30,1656.666667,AC,LOC,100,2.3,0
1890,SECOND ST,300,431,30,1436.666667,AC,LOC,100,43.9,34.66
1894,SECOND ST,100,604,30,2013.333333,AC,LOC,100,0,0
2962,SECOND ST,800,476,30,1586.666667,AC,LOC,100,37.8,30.42
2963,SECOND ST,900,189,30,630,AC,LOC,100,37.1,29.72
2910,SERENITY LN,0,1094,30,3646.666667,PC,LOC,100,69.7,61.32
3331,SERENITY LN,0,326,30,1086.666667,PC,LOC,100,62.1,55.43
3332,SERENITY LN,0,153,30,510,PC,LOC,100,61.7,55.03
3327,SETTLERS LN,0,186,30,620,PC,LOC,100,67.1,59.72
431,SEVENTH ST,100,512,35,1991.111111,AC,COL,38.5,77.8,61.99
452,SEVENTH ST,200,527,35,2049.444444,AC,COL,0,76.1,60.29
455,SEVENTH ST,300,435,35,1691.666667,AC,COL,100,75.1,59.52
457,SEVENTH ST,300,247,35,960.5555556,AC,COL,100,76.1,60.29
468,SEVENTH ST,500,1228,35,4775.555556,AC,COL,0,75.2,59.62
477,SEVENTH ST,400,585,35,2275,AC,COL,58.4,79.8,63.76
1842,SEVENTH ST,200,609,35,2368.333333,AC,COL,100,78.1,62.29
2609,SEVENTH ST,100,513,35,1995,AC,COL,57.3,75.6,60.02
655,SHADOW RUN ST,1400,816,30,2720,AC,LOC,100,83,68.76
656,SHADOW RUN ST,1500,733,30,2443.333333,AC,LOC,100,90.4,84.37
1702,SHADY VALLEY CR,100,215,30,716.6666667,AC,LOC,100,80.5,66.26
2226,SHADY WOOD CT,100,249,30,830,AC,LOC,100,85.2,71.49
145,SHANNON DR,400,450,30,1500,AC,LOC,77.3,71.5,58.16
606,SHERRY CT,100,668,30,2226.666667,AC,LOC,100,25.2,17.82
1933,SHERRY TR,300,604,25,1677.777778,AC,RUR,0,93.1,87.07
1935,SHERRY TR,200,1520,25,4222.222222,AC,RUR,0,91.6,85.57
1936,SHERRY TR,300,393,25,1091.666667,AC,RUR,0,88.5,79.91
2107,SHIRLEY CR,200,533,30,1776.666667,AC,LOC,72.4,72.7,59.06
2108,SHIRLEY CR,200,561,30,1870,AC,LOC,66.2,73.9,60.26
2899,SILVERSTONE DR,0,309,30,1030,PC,LOC,100,82.6,72.72
2900,SILVERSTONE DR,0,622,30,2073.333333,PC,LOC,100,71.6,62.72
2903,SILVERSTONE DR,0,813,30,2710,PC,LOC,98.5,87.5,81.42
2914,SILVERSTONE DR,0,835,30,2783.333333,PC,LOC,100,86.5,78.7
3321,SILVERSTONE DR,0,165,30,550,PC,LOC,100,87.2,80.26
3322,SILVERSTONE DR,0,161,30,536.6666667,PC,LOC,100,79.2,69.32
3323,SILVERSTONE DR,0,250,30,833.3333333,PC,LOC,100,83.9,74.02
191,SIMMONS ST,200,351,30,1170,AC,LOC,100,87.3,77.43
192,SIMMONS ST,300,351,30,1170,AC,LOC,100,84,69.76
193,SIMMONS ST,300,281,30,936.6666667,AC,LOC,100,82.5,68.26
194,SIMMONS ST,400,448,30,1493.333333,AC,LOC,100,73.1,59.46
195,SIMMONS ST,500,450,30,1500,AC,LOC,100,74,60.36
196,SIMMONS ST,600,338,30,1126.666667,AC,LOC,100,57.4,45.08
310,SIMMONS ST,100,569,30,1896.666667,AC,LOC,100,63.7,51.38
351,SIMMONS ST,600,246,30,820,AC,LOC,100,44.1,34.86
352,SIMMONS ST,700,315,30,1050,AC,LOC,100,55,42.68
1355,SIMMONS ST,400,699,30,2330,AC,LOC,71.3,30.6,23.22
1363,SIMMONS ST,100,570,30,1900,AC,LOC,100,32.8,25.42
1364,SIMMONS ST,200,187,30,623.3333333,AC,LOC,100,37,29.62
1365,SIMMONS ST,200,368,30,1226.666667,AC,LOC,100,38.6,31.22
432,SIXTH ST,100,515,30,1716.666667,AC,LOC,94.3,30.1,97.77
447,SIXTH ST,200,527,30,1756.666667,AC,LOC,100,65,97.77
451,SIXTH ST,300,430,30,1433.333333,AC,LOC,100,13.1,5.72
473,SIXTH ST,300,227,30,756.6666667,AC,LOC,100,0,0
474,SIXTH ST,400,170,30,566.6666667,AC,LOC,100,19.6,12.22
1843,SIXTH ST,100,102,35,396.6666667,AC,COL,100,4.5,96.39
1844,SIXTH ST,200,478,30,1593.333333,AC,LOC,100,19.6,96.67
1845,SIXTH ST,300,493,30,1643.333333,AC,LOC,100,25.5,96.07
1846,SIXTH ST,400,461,30,1536.666667,AC,LOC,100,31.1,96.97
2610,SIXTH ST,100,511,30,1703.333333,AC,LOC,100,4.7,96.67
1210,SLOAN ST,1400,508,30,1693.333333,AC,LOC,100,3.3,0
1247,SLOAN ST,1300,417,30,1390,PC,LOC,100,37.9,32.38
1248,SLOAN ST,1200,180,30,600,PC,LOC,100,76.7,66.82
1249,SLOAN ST,200,364,30,1213.333333,AC,LOC,100,29.9,22.52
1339,SLOAN ST,0,120,30,400,AC,LOC,100,58.2,45.88
1345,SLOAN ST,0,785,30,2616.666667,AC,LOC,100,50.4,38.85
1402,SLOAN ST,500,264,30,880,AC,LOC,100,50.5,38.18
1403,SLOAN ST,600,282,30,940,AC,LOC,100,60.6,48.28
1404,SLOAN ST,700,259,30,863.3333333,AC,LOC,66.7,61.8,49.48
1784,SLOAN ST,0,384,30,1280,AC,LOC,0,69.2,56.16
3333,SMOKE SIGNAL LN,0,153,30,510,PC,LOC,100,64,57.33
3074,SOAPBERRY DR,800,299,30,996.6666667,AC,LOC,100,95.4,89.37
3075,SOAPBERRY DR,800,301,30,1003.333333,AC,LOC,100,91.9,85.87
2147,SONORA CANYON RD,3100,939,25,2608.333333,AC,RUR,0,24.25,16.87
2148,SONORA CANYON RD,2800,1729,25,4802.777778,AC,RUR,0,48.7,37.15
2110,SOPHIE'S PL,300,260,30,866.6666667,AC,LOC,100,93.6,87.57
2111,SOPHIE'S PL,300,151,30,503.3333333,AC,LOC,100,84.4,70.16
2906,SORREL CT,0,381,30,1270,PC,LOC,100,88.1,82.88
1258,SOUTHLAND ST,400,422,30,1406.666667,AC,LOC,76.7,88.7,80.11
1325,SOUTHLAND ST,600,332,30,1106.666667,AC,LOC,100,34.4,27.02
1782,SOUTHLAND ST,0,334,30,1113.333333,AC,LOC,100,11.3,3.92
1495,SOWARD AVE,400,597,30,1990,AC,LOC,100,91,84.97
1497,SOWARD AVE,600,448,30,1493.333333,AC,LOC,100,30,22.62
1500,SOWARD AVE,300,578,30,1926.666667,AC,LOC,83.4,89.4,82.09
1501,SOWARD AVE,200,353,30,1176.666667,AC,LOC,0,79.5,65.26
1503,SOWARD AVE,100,601,30,2003.333333,AC,LOC,100,24.9,17.52
1988,SPRING LAKE DR,2200,617,30,2056.666667,AC,LOC,95.2,86.3,73.87
21,SPRING ST,100,229,30,763.3333333,AC,LOC,100,8.3,85.93
128,SPRING ST,200,344,30,1146.666667,AC,LOC,100,27.6,85.93
129,SPRING ST,200,353,30,1176.666667,AC,LOC,100,23.4,85.93
130,SPRING ST,300,550,30,1833.333333,AC,LOC,100,21.9,85.93
131,SPRING ST,400,519,30,1730,AC,LOC,100,15.7,87.1
132,SPRING ST,500,598,30,1993.333333,AC,LOC,100,20.1,87.1
133,SPRING ST,600,420,30,1400,AC,LOC,100,31.7,85.16
134,SPRING ST,700,426,30,1420,AC,LOC,100,19.5,85.16
135,SPRING ST,800,387,30,1290,AC,LOC,100,22.8,85.16
136,SPRING ST,900,294,30,980,AC,LOC,100,27.9,85.16
137,SPRING ST,1200,357,35,1388.333333,AC,COL,100,31.55,83.86
138,SPRING ST,1200,543,35,2111.666667,AC,COL,100,23.4,83.86
139,SPRING ST,1300,304,35,1182.222222,AC,COL,100,64.3,83.86
143,SPRING ST,1000,482,30,1606.666667,AC,LOC,100,25.6,85.16
144,SPRING ST,1100,663,30,2210,AC,LOC,100,19.3,85.16
1430,SPRING ST,100,225,30,750,AC,LOC,100,5.1,0
1431,SPRING ST,100,358,30,1193.333333,AC,LOC,100,27.6,20.22
1436,SPRING ST,200,611,40,2715.555556,AC,ART,100,45.2,31.8
1987,SPRINGWOOD LN,2200,690,30,2300,AC,LOC,100,89.7,82.39
3295,STARWOOD DR,1900,431,30,1436.666667,AC,LOC,100,92.9,86.87
3296,STARWOOD DR,2000,662,30,2206.666667,AC,LOC,100,94,87.97
1318,STATE ST,500,239,30,796.6666667,AC,LOC,100,21.75,14.37
1319,STATE ST,600,650,30,2166.666667,AC,LOC,100,47.25,36.47
1321,STATE ST,700,863,30,2876.666667,AC,LOC,100,83.2,68.96
2912,STETSON DR,0,366,30,1220,PC,LOC,100,87.7,81.62
2913,STETSON DR,0,459,30,1530,PC,LOC,100,81.6,71.72
3328,STETSON DR,0,1176,30,3920,PC,LOC,100,70,61.62
2994,STORY BOOK LN,1000,398,30,1326.666667,AC,LOC,100,94.3,88.27
2035,SUMMER BROOK DR,2300,298,30,993.3333333,AC,LOC,100,88.3,79.71
2036,SUMMER BROOK DR,2200,629,30,2096.666667,AC,LOC,100,85.3,71.59
1579,SWEETWATER DR,0,226,30,753.3333333,AC,LOC,100,84.8,70.56
1580,SWEETWATER DR,300,902,30,3006.666667,AC,LOC,100,89.1,80.51
1591,SWEETWATER DR,100,502,30,1673.333333,AC,LOC,100,86,73.57
1592,SWEETWATER DR,200,322,30,1073.333333,AC,LOC,100,86.5,75.35
2871,SWEETWATER DR,400,287,30,956.6666667,AC,LOC,100,97,90.97
2872,SWEETWATER DR,500,488,30,1626.666667,AC,LOC,100,95.5,89.47
3375,SWEETWATER DR,400,148,30,493.3333333,AC,LOC,100,93.4,87.37
294,SYCAMORE ST,700,413,30,1376.666667,AC,LOC,100,30.6,23.22
1715,SYLVIA ST,800,164,30,546.6666667,AC,LOC,100,56.9,44.58
1716,SYLVIA ST,900,556,30,1853.333333,AC,LOC,100,56.9,44.58
1412,TERESA CT,1000,333,30,1110,AC,LOC,100,82.5,68.26
1270,TERRACE DR,700,313,30,1043.333333,AC,LOC,100,56.9,44.58
1271,TERRACE DR,700,276,30,920,AC,LOC,100,36.5,29.12
1272,TERRACE DR,700,214,30,713.3333333,AC,LOC,100,46.6,35.82
1273,TERRACE DR,800,144,30,480,AC,LOC,100,29.3,21.92
1274,TERRACE DR,800,383,30,1276.666667,AC,LOC,100,36.8,29.42
1713,TERRY TR,800,171,30,570,AC,LOC,100,73.65,60.01
1714,TERRY TR,900,540,30,1800,AC,LOC,62.7,74.25,60.61
1802,TERRY TR,0,597,30,1990,AC,LOC,100,84.15,69.91
1409,TEXAS DR,1500,1473,35,5728.333333,AC,COL,100,82.2,66.16
1419,TEXAS DR,0,487,35,1893.888889,AC,COL,100,88.7,77.27
1420,TEXAS DR,0,368,35,1431.111111,AC,COL,100,87.5,74.72
1422,TEXAS DR,0,773,35,3006.111111,AC,COL,99.6,84.5,68.46
435,THIRD ST,100,514,30,1713.333333,AC,LOC,100,43.7,86.9
443,THIRD ST,200,517,30,1723.333333,AC,LOC,3.8,73.3,86.9
446,THIRD ST,300,478,30,1593.333333,AC,LOC,0,55.1,86.9
1871,THIRD ST,600,347,30,1156.666667,AC,LOC,71.2,86,73.57
1872,THIRD ST,700,603,30,2010,AC,LOC,35.5,92.7,86.67
1876,THIRD ST,900,170,30,566.6666667,AC,LOC,0,60.3,47.98
1885,THIRD ST,500,293,30,976.6666667,AC,LOC,100,82.3,68.06
1886,THIRD ST,0,75,30,250,AC,LOC,100,83,68.76
1887,THIRD ST,400,269,30,896.6666667,AC,LOC,0,85.3,71.59
1888,THIRD ST,400,373,30,1243.333333,AC,LOC,63.2,64.5,52.18
1891,THIRD ST,200,510,30,1700,AC,LOC,66.7,58.7,46.38
1892,THIRD ST,300,431,30,1436.666667,AC,LOC,61.9,87.3,77.43
1893,THIRD ST,100,611,30,2036.666667,AC,LOC,100,80.2,65.96
2965,THIRD ST,800,350,30,1166.666667,AC,LOC,100,92.9,86.87
2966,THIRD ST,800,512,30,1706.666667,AC,LOC,19,79.1,64.86
1701,THOUSAND OAKS CR,100,206,30,686.6666667,AC,LOC,100,77.9,63.66
1505,THROCKMORTON ST,100,601,30,2003.333333,AC,LOC,100,63.2,50.88
1506,THROCKMORTON ST,200,344,30,1146.666667,AC,LOC,100,16.2,8.82
1530,THROCKMORTON ST,300,588,30,1960,AC,LOC,100,19.6,12.22
1532,THROCKMORTON ST,400,633,30,2110,AC,LOC,93.8,38.2,30.82
565,THRUSH AVE,100,1501,30,5003.333333,AC,LOC,100,30.3,22.92
339,TIFFANY TRL,100,762,30,2540,AC,LOC,100,89.2,81.89
2128,TIMAARON CT,100,689,25,1913.888889,AC,RUR,100,87.2,76.05
2027,TIMBER COVE CT,2000,454,30,1513.333333,AC,LOC,100,87.1,75.95
2028,TIMBER COVE CT,2100,725,30,2416.666667,AC,LOC,100,92.8,86.77
2032,TIMBER COVE DR,2200,345,30,1150,AC,LOC,100,88.4,79.81
2033,TIMBER COVE DR,2300,434,30,1446.666667,AC,LOC,100,94.5,88.47
2034,TIMBER COVE DR,2400,521,30,1736.666667,AC,LOC,100,92.2,86.17
1696,TIMBER CREEK DR,1300,1155,30,3850,AC,LOC,100,88.2,78.33
1697,TIMBER CREEK DR,1200,379,30,1263.333333,AC,LOC,100,83.8,69.56
1698,TIMBER CREEK DR,1100,411,30,1370,AC,LOC,100,90.2,84.17
1699,TIMBER CREEK DR,1100,166,30,553.3333333,AC,LOC,100,84.9,70.66
1700,TIMBER CREEK DR,1100,273,30,910,AC,LOC,100,89.3,81.99
1703,TIMBER CREEK DR,1100,330,30,1100,AC,LOC,100,91.1,85.07
2264,TIMBER TR,200,1378,25,3827.777778,AC,RUR,0,42.7,34.23
410,TIN TOP RD,2000,1924,35,7482.222222,AC,COL,29.9,58.4,43.83
411,TIN TOP RD,1900,768,35,2986.666667,AC,COL,0,31.5,23.48
412,TIN TOP RD,1800,728,35,2831.111111,AC,COL,13.8,30.7,22.68
518,TIN TOP RD,0,106,35,412.2222222,PC,COL,100,88.6,82.72
519,TIN TOP RD,0,69,35,268.3333333,AC,COL,55.6,90.85,82.12
521,TIN TOP RD,2200,893,40,3968.888889,AC,ART,0,85.4,64.8
639,TIN TOP RD,2300,237,40,1053.333333,AC,ART,0,88.2,71.26
1575,TOWER ST,200,709,30,2363.333333,AC,LOC,100,28.7,21.32
1577,TOWER ST,100,398,30,1326.666667,AC,LOC,100,30,22.62
1747,TRACE RIDGE DR,2300,855,30,2850,AC,LOC,100,89.5,82.19
1748,TRACE RIDGE DR,2100,1080,30,3600,AC,LOC,100,91,84.97
3170,TRACE RIDGE DR,2100,391,30,1303.333333,AC,LOC,100,92.7,86.67
3171,TRACE RIDGE DR,2100,79,30,263.3333333,AC,LOC,100,83.1,68.86
3270,TRACE RIDGE DR,0,984,30,3280,AC,LOC,100,93,86.97
1555,TREMONT ST,800,246,30,820,AC,LOC,21.1,44.3,35.06
1557,TREMONT ST,900,452,30,1506.666667,AC,LOC,100,43.5,34.26
1560,TREMONT ST,0,138,35,536.6666667,AC,COL,100,63.3,48.73
2964,TREMONT ST,1000,363,30,1210,AC,LOC,100,86.8,75.65
296,TRENTON ST,700,416,30,1386.666667,AC,LOC,100,18.3,10.92
398,TRENTON ST,800,407,30,1356.666667,AC,LOC,75.6,8.2,0.82
1432,TRINITY ST,100,354,30,1180,AC,LOC,100,26.3,18.92
1433,TRINITY ST,100,223,30,743.3333333,AC,LOC,100,83.2,68.96
1434,TRINITY ST,200,353,30,1176.666667,AC,LOC,100,42.4,33.93
1268,TROY ST,1300,496,30,1653.333333,AC,LOC,100,89,80.41
2189,UTOPIA TR,200,511,30,1703.333333,AC,LOC,100,85.65,73.22
553,VALLEY CIR,100,187,30,623.3333333,AC,LOC,100,21.4,14.02
1752,VALLEY DR,2100,217,30,723.3333333,AC,LOC,100,86.5,75.35
1753,VALLEY DR,2100,170,30,566.6666667,AC,LOC,100,84.7,70.46
2818,VALLEY LN,200,1268,25,3522.222222,AC,RUR,0,11.1,3.72
2819,VALLEY LN,100,757,25,2102.777778,AC,RUR,0,24.05,16.67
2253,VALLEY RANCH RD,200,586,25,1627.777778,AC,RUR,0,7.8,0.42
2254,VALLEY RANCH RD,200,135,25,375,AC,RUR,0,7.8,0.42
2256,VALLEY RANCH RD,200,550,25,1527.777778,AC,RUR,0,11.4,4.02
2257,VALLEY RANCH RD,200,709,25,1969.444444,AC,RUR,0,16.1,8.72
2258,VALLEY RANCH RD,200,442,25,1227.777778,AC,RUR,0,22.7,15.32
2260,VALLEY RANCH RD,200,659,25,1830.555556,AC,RUR,0,41.9,33.43
1544,VAN WINKLE ST,900,460,30,1533.333333,AC,LOC,100,37.8,30.42
1552,VAN WINKLE ST,800,215,30,716.6666667,AC,LOC,0,30.5,23.12
1873,VAN WINKLE ST,1200,255,30,850,AC,LOC,100,26.8,19.42
1874,VAN WINKLE ST,1200,276,30,920,AC,LOC,100,46.2,36.19
1881,VAN WINKLE ST,1000,499,30,1663.333333,AC,LOC,57.3,77.6,63.36
712,VIGORTONE DR,1000,628,30,2093.333333,AC,LOC,100,90.8,84.77
65,VINE ST,400,728,30,2426.666667,AC,LOC,37.5,59.5,47.18
66,VINE ST,500,424,30,1413.333333,AC,LOC,0,52.7,40.38
67,VINE ST,600,433,30,1443.333333,AC,LOC,0,37.4,30.02
68,VINE ST,700,423,30,1410,AC,LOC,100,37.5,30.12
69,VINE ST,800,70,30,233.3333333,AC,LOC,100,47.9,37.12
70,VINE ST,800,327,30,1090,AC,LOC,0,36,28.62
71,VINE ST,1100,384,30,1280,AC,LOC,0,84.7,85.1
168,VINE ST,1200,1178,35,4581.111111,AC,COL,0,26.7,18.68
172,VINE ST,900,224,30,746.6666667,AC,LOC,33.3,40.1,85.1
173,VINE ST,1000,250,30,833.3333333,AC,LOC,0,60.7,85.1
506,VINE ST,1300,972,35,3780,AC,COL,0,30.8,22.78
507,VINE ST,1400,1951,35,7587.222222,AC,COL,0,85.2,69.72
671,VINE ST,800,126,30,420,AC,LOC,100,30.3,22.92
525,VIVIENNE ST,1200,948,30,3160,AC,LOC,100,40.7,33
548,VIVIENNE ST,1100,546,30,1820,AC,LOC,100,25.8,18.42
72,WACO ST,200,348,30,1160,AC,LOC,100,84.4,70.16
116,WACO ST,100,350,30,1166.666667,AC,LOC,100,55.4,43.08
117,WACO ST,100,227,30,756.6666667,AC,LOC,85.7,28.9,21.52
236,WACO ST,100,226,30,753.3333333,AC,LOC,100,21.9,14.52
237,WACO ST,100,353,30,1176.666667,AC,LOC,100,32.3,24.92
238,WACO ST,200,350,35,1361.111111,AC,COL,100,27.7,19.68
239,WACO ST,300,638,35,2481.111111,AC,COL,100,28.7,20.68
240,WACO ST,400,366,35,1423.333333,AC,COL,100,18.8,10.78
242,WACO ST,500,296,35,1151.111111,AC,COL,100,20.9,12.88
243,WACO ST,600,239,35,929.4444444,AC,COL,100,20,11.98
244,WACO ST,700,276,35,1073.333333,AC,COL,100,31.9,23.88
345,WACO ST,800,728,35,2831.111111,AC,COL,100,14.9,6.88
387,WACO ST,900,416,35,1617.777778,AC,COL,100,16.5,8.48
604,WACO ST,1300,732,30,2440,AC,LOC,0,74.4,60.76
614,WACO ST,200,445,30,1483.333333,AC,LOC,100,37,29.62
1426,WALL ST,1900,857,30,2856.666667,AC,LOC,88.4,92.4,86.37
1515,WALNUT ST,800,261,30,870,AC,LOC,100,28.9,21.52
1517,WALNUT ST,700,432,30,1440,AC,LOC,100,31,23.62
1531,WALNUT ST,600,368,30,1226.666667,AC,LOC,100,64.2,51.88
1564,WALNUT ST,100,348,30,1160,AC,LOC,100,43.9,34.66
1565,WALNUT ST,200,353,30,1176.666667,AC,LOC,100,24.3,16.92
1566,WALNUT ST,300,636,30,2120,AC,LOC,100,20.5,13.12
1797,WALNUT ST,0,218,30,726.6666667,AC,LOC,100,61.1,48.78
2881,WALTZING BROOK CT,300,681,30,2270,AC,LOC,100,93,86.97
1627,WARD ST,0,280,30,933.3333333,AC,LOC,100,21.95,14.57
1628,WARD ST,100,729,30,2430,AC,LOC,58.7,27.45,20.07
1695,WASHINGTON DR,1300,807,35,3138.333333,AC,COL,0,87.3,74.52
1704,WASHINGTON DR,0,531,35,2065,AC,COL,0,85.2,69.72
1705,WASHINGTON DR,1100,466,35,1812.222222,AC,COL,17.1,76.5,60.69
1706,WASHINGTON DR,900,799,35,3107.222222,AC,COL,11.1,64.4,49.83
3048,WATER OAK LN,0,546,30,1820,PC,LOC,100,86.8,79.86
3049,WATER OAK LN,0,330,30,1100,PC,LOC,100,83.6,73.72
22,WATER ST,100,244,35,948.8888889,AC,COL,100,77.6,61.79
47,WATER ST,200,695,35,2702.777778,AC,COL,100,79.2,63.16
48,WATER ST,300,270,35,1050,AC,COL,100,68.95,53.83
49,WATER ST,300,283,35,1100.555556,AC,COL,100,81.75,65.71
50,WATER ST,600,427,35,1660.555556,AC,COL,100,45,34.51
51,WATER ST,700,422,35,1641.111111,AC,COL,100,61.8,47.23
52,WATER ST,800,397,35,1543.888889,AC,COL,100,52.2,38.65
53,WATER ST,900,287,35,1116.111111,AC,COL,100,61.5,46.93
54,WATER ST,900,320,35,1244.444444,AC,COL,100,68,53.11
55,WATER ST,1100,435,35,1691.666667,AC,COL,100,73.7,58.12
56,WATER ST,1200,398,35,1547.777778,AC,COL,100,73.6,58.02
57,WATER ST,1200,268,30,893.3333333,AC,LOC,100,63.9,51.58
58,WATER ST,1200,115,30,383.3333333,AC,LOC,100,35.8,28.42
59,WATER ST,1200,385,30,1283.333333,AC,LOC,100,50.45,38.13
149,WATER ST,400,575,35,2236.111111,AC,COL,100,75.35,59.77
150,WATER ST,500,541,35,2103.888889,AC,COL,100,58.65,44.08
496,WATER ST,1300,788,30,2626.666667,AC,LOC,100,42.5,34.03
504,WATER ST,1400,1588,30,5293.333333,AC,LOC,100,38.8,31.42
1485,WATER ST,700,177,30,590,AC,LOC,100,0,0
1486,WATER ST,600,558,30,1860,AC,LOC,100,16.7,9.32
1488,WATER ST,500,1098,30,3660,AC,LOC,0,58,45.68
1908,WAVERLY CT,200,410,30,1366.666667,AC,LOC,100,87.4,77.53
27,WEATHERFORD ST,100,524,30,1746.666667,AC,LOC,94.3,27.2,86.82
33,WEATHERFORD ST,200,402,30,1340,AC,LOC,100,28.3,86.82
34,WEATHERFORD ST,200,135,30,450,AC,LOC,100,26.8,86.82
35,WEATHERFORD ST,300,380,30,1266.666667,AC,LOC,56.6,75.3,86.82
1511,WEATHERFORD ST,100,600,30,2000,AC,LOC,96.8,7.2,0
1514,WEATHERFORD ST,200,337,30,1123.333333,AC,LOC,100,28.9,21.52
1518,WEATHERFORD ST,300,187,30,623.3333333,AC,LOC,100,45.3,35.29
1460,WEILAND ST,100,503,30,1676.666667,AC,LOC,97.4,57.15,44.83
1466,WEILAND ST,0,338,30,1126.666667,AC,LOC,100,76.9,62.96
1903,WELLINGTON TR,200,992,30,3306.666667,AC,LOC,100,95.7,89.67
1907,WELLINGTON TR,200,223,30,743.3333333,AC,LOC,100,88,78.13
475,WENDY LN,1400,817,30,2723.333333,AC,LOC,0,70.7,57.36
476,WENDY LN,1500,583,30,1943.333333,AC,LOC,0,39.2,31.82
663,WESTBRIAR DR,1200,267,30,890,AC,LOC,100,93.4,87.37
664,WESTBRIAR DR,1200,296,30,986.6666667,AC,LOC,100,63.4,51.08
666,WESTBRIAR DR,1400,646,30,2153.333333,AC,LOC,100,92.05,86.02
2707,WESTWARD WY,0,205,30,683.3333333,AC,LOC,0,89.8,82.49
665,WESTWOOD DR,1400,672,30,2240,AC,LOC,87.4,74.25,60.61
28,WHEELER ST,100,522,30,1740,AC,LOC,100,85.2,71.49
3094,WHEELER ST,200,399,30,1330,AC,LOC,24.2,76.1,62.16
2524,WHITE SETTLEMENT RD,0,916,35,3562.222222,AC,COL,0,26.8,18.78
1596,WHITEROCK CT,100,485,30,1616.666667,AC,LOC,100,85.3,71.59
1595,WHITEROCK DR,1600,675,30,2250,AC,LOC,100,88.2,78.33
1597,WHITEROCK DR,0,599,30,1996.666667,AC,LOC,100,90.6,84.57
1901,WHITESTONE WAY,200,982,30,3273.333333,AC,LOC,99.3,92.9,86.87
381,WIGGS LN,100,554,30,1846.666667,AC,LOC,0,89.7,82.39
669,WIGGS LN,200,348,30,1160,AC,LOC,38.1,91.7,85.67
2204,WILD TURKEY TR,0,1059,30,3530,AC,LOC,99.4,92.8,86.77
1897,WILLOW CREEK DR,100,563,30,1876.666667,AC,LOC,100,85,70.76
1905,WILLOW CREEK DR,200,296,30,986.6666667,AC,LOC,100,97.9,91.87
1906,WILLOW CREEK DR,300,287,30,956.6666667,AC,LOC,100,96,89.97
2879,WILLOW CREEK DR,400,249,30,830,AC,LOC,100,95.7,89.67
2880,WILLOW CREEK DR,400,486,30,1620,AC,LOC,100,95.2,89.17
2882,WILLOW CREEK DR,200,534,30,1780,AC,LOC,100,95.5,89.47
2883,WILLOW CREEK DR,200,241,30,803.3333333,AC,LOC,100,96.7,90.67
2225,WILLOW WOOD DR,1100,552,30,1840,AC,LOC,100,88.5,79.91
2227,WILLOW WOOD DR,1100,632,30,2106.666667,AC,LOC,100,87.7,77.83
1898,WINDOWMERE TR,1900,245,30,816.6666667,AC,LOC,100,92,85.97
1899,WINDOWMERE TR,1900,289,30,963.3333333,AC,LOC,100,96.3,90.27
1900,WINDOWMERE TR,1900,287,30,956.6666667,AC,LOC,100,90.2,84.17
1603,WINDSOR CT,100,373,30,1243.333333,AC,LOC,0,58.2,45.88
186,WINONA ST,1100,572,35,2224.444444,AC,COL,100,79.7,63.66
2884,WINTERGREEN CT,300,381,30,1270,AC,LOC,100,91.6,85.57
2885,WINTERGREEN CT,300,266,30,886.6666667,AC,LOC,100,93.7,87.67
1902,WISPERING DELL LN,200,763,30,2543.333333,AC,LOC,100,91.5,85.47
2886,WONDER OAK CT,300,666,30,2220,AC,LOC,100,89.4,82.09
3314,WOOD BEND CT,100,1531,25,4252.777778,AC,RUR,0,95.2,89.17
2125,WOODCREST DR,200,1426,25,3961.111111,AC,RUR,0,45.55,35.54
2126,WOODCREST DR,0,2298,25,6383.333333,AC,RUR,0,73.8,60.16
2004,WOODLAND HILLS LN,1900,369,25,1025,AC,RUR,0,81.2,66.96
2005,WOODLAND HILLS LN,1800,641,25,1780.555556,AC,RUR,0,74.1,60.46
2010,WOODLAND HILLS LN,1900,671,25,1863.888889,AC,RUR,0,86.2,73.77
2011,WOODLAND HILLS LN,2000,379,25,1052.777778,AC,RUR,0,76.1,62.16
3299,WOODLAND HILLS LN,2000,590,25,1638.888889,AC,RUR,0,88.8,80.21
3303,WOODLAND HILLS LN,2000,220,25,611.1111111,AC,RUR,0,83.9,69.66
3304,WOODLAND HILLS LN,2100,946,25,2627.777778,AC,RUR,0,83.1,68.86
3317,WOODLAND HILLS LN,2200,587,25,1630.555556,AC,RUR,0,82.4,74.85
3318,WOODLAND HILLS LN,2200,749,25,2080.555556,AC,RUR,0,83,68.76
2090,WOODLAND TR,100,1520,25,4222.222222,AC,RUR,0,46.15,36.14
1744,WOODRUN CT,100,184,30,613.3333333,AC,LOC,100,75.3,61.36
2006,WOODS EDGE CT,2300,441,25,1225,AC,RUR,0,75.6,61.66
3312,WOODSIDE CT,100,611,25,1697.222222,AC,RUR,100,91,84.97
2895,WREN DR,0,287,30,956.6666667,AC,LOC,100,87,75.85
23,YORK AVE,200,350,30,1166.666667,AC,LOC,100,57.4,85.93
24,YORK AVE,300,553,30,1843.333333,AC,LOC,100,56.1,85.93
29,YORK AVE,100,352,30,1173.333333,AC,LOC,100,45.8,85.93
142,YORK AVE,100,226,30,753.3333333,AC,LOC,100,24.4,85.93
1666,YORKSHIRE CT,100,430,30,1433.333333,AC,LOC,100,71.1,57.76
1670,YORKSHIRE DR,200,280,30,933.3333333,AC,LOC,100,71.9,58.56
1671,YORKSHIRE DR,200,287,30,956.6666667,AC,LOC,100,80,65.76
